STATEFP,COUNTYFP,COUNTYNS,AFFGEOID,GEOID,NAME.x,LSAD,ALAND,AWATER,NAME.y,variable,estimate,moe,id
34,001,00882270,0500000US34001,34001,Atlantic,06,1438772543,301272800,"Atlantic County, New Jersey",B01003_001,268539,NA,NJ
34,003,00882271,0500000US34003,34003,Bergen,06,602910975,35355101,"Bergen County, New Jersey",B01003_001,929999,NA,NJ
34,005,00882272,0500000US34005,34005,Burlington,06,2070244951,54026208,"Burlington County, New Jersey",B01003_001,446367,NA,NJ
34,007,00882273,0500000US34007,34007,Camden,06,573295201,15719274,"Camden County, New Jersey",B01003_001,507367,NA,NJ
34,009,00882274,0500000US34009,34009,Cape May,06,651402591,955184422,"Cape May County, New Jersey",B01003_001,93705,NA,NJ
34,011,00882275,0500000US34011,34011,Cumberland,06,1251898433,503712952,"Cumberland County, New Jersey",B01003_001,153400,NA,NJ
34,013,00882276,0500000US34013,34013,Essex,06,326557460,8638172,"Essex County, New Jersey",B01003_001,793555,NA,NJ
34,015,00882277,0500000US34015,34015,Gloucester,06,833904538,38332188,"Gloucester County, New Jersey",B01003_001,290852,NA,NJ
34,017,00882278,0500000US34017,34017,Hudson,06,119632168,41967364,"Hudson County, New Jersey",B01003_001,668631,NA,NJ
34,019,00882228,0500000US34019,34019,Hunterdon,06,1108065331,24782521,"Hunterdon County, New Jersey",B01003_001,125051,NA,NJ
34,021,00882229,0500000US34021,34021,Mercer,06,581281416,11451147,"Mercer County, New Jersey",B01003_001,368762,NA,NJ
34,023,00882230,0500000US34023,34023,Middlesex,06,800871212,35459038,"Middlesex County, New Jersey",B01003_001,826698,NA,NJ
34,025,00882910,0500000US34025,34025,Monmouth,06,1212563775,511008987,"Monmouth County, New Jersey",B01003_001,623387,NA,NJ
34,027,00882231,0500000US34027,34027,Morris,06,1192855212,54286849,"Morris County, New Jersey",B01003_001,494383,NA,NJ
34,029,00882279,0500000US34029,34029,Ocean,06,1627449879,741964749,"Ocean County, New Jersey",B01003_001,591939,NA,NJ
34,031,00882232,0500000US34031,34031,Passaic,06,481767290,32057601,"Passaic County, New Jersey",B01003_001,504041,NA,NJ
34,033,00882233,0500000US34033,34033,Salem,06,859473753,105431093,"Salem County, New Jersey",B01003_001,63336,NA,NJ
34,035,00882234,0500000US34035,34035,Somerset,06,781816438,8009058,"Somerset County, New Jersey",B01003_001,330176,NA,NJ
34,037,00882236,0500000US34037,34037,Sussex,06,1343479727,43307978,"Sussex County, New Jersey",B01003_001,142298,NA,NJ
34,039,00882235,0500000US34039,34039,Union,06,266160325,7056624,"Union County, New Jersey",B01003_001,553066,NA,NJ
34,041,00882237,0500000US34041,34041,Warren,06,923422762,15836120,"Warren County, New Jersey",B01003_001,106293,NA,NJ
10,001,00217271,0500000US10001,10001,Kent,06,1517232133,550433497,"Kent County, Delaware",B01003_001,174822,NA,DE
10,003,00217270,0500000US10003,10003,New Castle,06,1104149852,175376290,"New Castle County, Delaware",B01003_001,555133,NA,DE
10,005,00217269,0500000US10005,10005,Sussex,06,2424543661,674175861,"Sussex County, Delaware",B01003_001,219540,NA,DE
24,001,01713506,0500000US24001,24001,Allegany,06,1093457887,14805576,"Allegany County, Maryland",B01003_001,71977,NA,MD
24,003,01710958,0500000US24003,24003,Anne Arundel,06,1074287145,448099595,"Anne Arundel County, Maryland",B01003_001,567696,NA,MD
24,005,01695314,0500000US24005,24005,Baltimore,06,1549739465,215964666,"Baltimore County, Maryland",B01003_001,827625,NA,MD
24,009,01676636,0500000US24009,24009,Calvert,06,552162128,341577085,"Calvert County, Maryland",B01003_001,91082,NA,MD
24,011,00595737,0500000US24011,24011,Caroline,06,827350253,16777065,"Caroline County, Maryland",B01003_001,32875,NA,MD
24,013,01696228,0500000US24013,24013,Carroll,06,1159345029,13120348,"Carroll County, Maryland",B01003_001,167522,NA,MD
24,015,00596115,0500000US24015,24015,Cecil,06,896857465,185336237,"Cecil County, Maryland",B01003_001,102517,NA,MD
24,017,01676992,0500000US24017,24017,Charles,06,1185699267,479508052,"Charles County, Maryland",B01003_001,157671,NA,MD
24,019,00596495,0500000US24019,24019,Dorchester,06,1400550674,1145376112,"Dorchester County, Maryland",B01003_001,32261,NA,MD
24,021,01711211,0500000US24021,24021,Frederick,06,1710605951,17990382,"Frederick County, Maryland",B01003_001,248472,NA,MD
24,023,01711058,0500000US24023,24023,Garrett,06,1681102438,22498420,"Garrett County, Maryland",B01003_001,29376,NA,MD
24,025,01698178,0500000US24025,24025,Harford,06,1132134727,231902988,"Harford County, Maryland",B01003_001,251025,NA,MD
24,027,01709077,0500000US24027,24027,Howard,06,649943913,6344365,"Howard County, Maryland",B01003_001,315327,NA,MD
24,029,00593907,0500000US24029,24029,Kent,06,717516440,353302294,"Kent County, Maryland",B01003_001,19593,NA,MD
24,031,01712500,0500000US24031,24031,Montgomery,06,1277059775,35820123,"Montgomery County, Maryland",B01003_001,1040133,NA,MD
24,033,01714670,0500000US24033,24033,Prince George's,06,1250061702,41918282,"Prince George's County, Maryland",B01003_001,906202,NA,MD
24,035,00596089,0500000US24035,24035,Queen Anne's,06,962655539,360038406,"Queen Anne's County, Maryland",B01003_001,49355,NA,MD
24,037,01697853,0500000US24037,24037,St. Mary's,06,928997941,1050393887,"St. Mary's County, Maryland",B01003_001,111531,NA,MD
24,039,00596907,0500000US24039,24039,Somerset,06,828145301,752662646,"Somerset County, Maryland",B01003_001,25737,NA,MD
24,041,00592947,0500000US24041,24041,Talbot,06,695563206,539361871,"Talbot County, Maryland",B01003_001,37211,NA,MD
24,043,01714220,0500000US24043,24043,Washington,06,1185611711,24801555,"Washington County, Maryland",B01003_001,149811,NA,MD
24,045,01668606,0500000US24045,24045,Wicomico,06,969741260,66790591,"Wicomico County, Maryland",B01003_001,102172,NA,MD
24,047,01668802,0500000US24047,24047,Worcester,06,1212861863,586815923,"Worcester County, Maryland",B01003_001,51564,NA,MD
24,510,01702381,0500000US24510,24510,Baltimore,25,209649200,28760489,"Baltimore city, Maryland",B01003_001,614700,NA,MD
51,001,01480091,0500000US51001,51001,Accomack,06,1163706181,2229279715,"Accomack County, Virginia",B01003_001,32742,NA,VA
51,003,01675170,0500000US51003,51003,Albemarle,06,1866007831,14230112,"Albemarle County, Virginia",B01003_001,106355,NA,VA
51,005,01673675,0500000US51005,51005,Alleghany,06,1156608816,8170515,"Alleghany County, Virginia",B01003_001,15286,NA,VA
51,007,01497770,0500000US51007,51007,Amelia,06,920143514,8424053,"Amelia County, Virginia",B01003_001,12854,NA,VA
51,009,01480095,0500000US51009,51009,Amherst,06,1227554630,12898695,"Amherst County, Virginia",B01003_001,31882,NA,VA
51,011,01497238,0500000US51011,51011,Appomattox,06,865622497,3219010,"Appomattox County, Virginia",B01003_001,15577,NA,VA
51,013,01480097,0500000US51013,51013,Arlington,06,67333000,273562,"Arlington County, Virginia",B01003_001,231803,NA,VA
51,015,01480098,0500000US51015,51015,Augusta,06,2504708478,9537636,"Augusta County, Virginia",B01003_001,74701,NA,VA
51,017,01673638,0500000US51017,51017,Bath,06,1370626056,14039993,"Bath County, Virginia",B01003_001,4393,NA,VA
51,019,01674818,0500000US51019,51019,Bedford,06,1968605129,42118518,"Bedford County, Virginia",B01003_001,77908,NA,VA
51,021,01494613,0500000US51021,51021,Bland,06,926311269,2547184,"Bland County, Virginia",B01003_001,6447,NA,VA
51,023,01674418,0500000US51023,51023,Botetourt,06,1401900412,12124776,"Botetourt County, Virginia",B01003_001,33222,NA,VA
51,025,01493961,0500000US51025,51025,Brunswick,06,1466539956,8381933,"Brunswick County, Virginia",B01003_001,16665,NA,VA
51,027,01497431,0500000US51027,51027,Buchanan,06,1302386948,2804418,"Buchanan County, Virginia",B01003_001,22138,NA,VA
51,029,01501502,0500000US51029,51029,Buckingham,06,1501215438,9911855,"Buckingham County, Virginia",B01003_001,17004,NA,VA
51,031,01674917,0500000US51031,51031,Campbell,06,1303300940,8894442,"Campbell County, Virginia",B01003_001,55170,NA,VA
51,033,01480107,0500000US51033,51033,Caroline,06,1366502845,24928486,"Caroline County, Virginia",B01003_001,30184,NA,VA
51,035,01480108,0500000US51035,51035,Carroll,06,1229582124,7586467,"Carroll County, Virginia",B01003_001,29738,NA,VA
51,036,01480109,0500000US51036,51036,Charles City,06,473494109,55492134,"Charles City County, Virginia",B01003_001,6995,NA,VA
51,037,01492442,0500000US51037,51037,Charlotte,06,1231010119,5809378,"Charlotte County, Virginia",B01003_001,12095,NA,VA
51,041,01480111,0500000US51041,51041,Chesterfield,06,1097033443,34755427,"Chesterfield County, Virginia",B01003_001,339447,NA,VA
51,043,01690562,0500000US51043,51043,Clarke,06,455664152,5690611,"Clarke County, Virginia",B01003_001,14365,NA,VA
51,045,01673664,0500000US51045,51045,Craig,06,849770458,2793174,"Craig County, Virginia",B01003_001,5113,NA,VA
51,047,01497831,0500000US51047,51047,Culpeper,06,982089169,9005137,"Culpeper County, Virginia",B01003_001,50450,NA,VA
51,049,01494109,0500000US51049,51049,Cumberland,06,770525894,5917831,"Cumberland County, Virginia",B01003_001,9786,NA,VA
51,051,01497376,0500000US51051,51051,Dickenson,06,855860629,8082181,"Dickenson County, Virginia",B01003_001,14960,NA,VA
51,053,01690739,0500000US51053,51053,Dinwiddie,06,1305091846,8954562,"Dinwiddie County, Virginia",B01003_001,28308,NA,VA
51,057,01480118,0500000US51057,51057,Essex,06,665884530,74795130,"Essex County, Virginia",B01003_001,11036,NA,VA
51,059,01480119,0500000US51059,51059,Fairfax,06,1012684309,40126920,"Fairfax County, Virginia",B01003_001,1143529,NA,VA
51,061,01480120,0500000US51061,51061,Fauquier,06,1678326423,9635106,"Fauquier County, Virginia",B01003_001,69115,NA,VA
51,063,01494354,0500000US51063,51063,Floyd,06,986585627,2190752,"Floyd County, Virginia",B01003_001,15666,NA,VA
51,065,01494061,0500000US51065,51065,Fluvanna,06,743630414,10747025,"Fluvanna County, Virginia",B01003_001,26282,NA,VA
51,067,01494434,0500000US51067,51067,Franklin,06,1788700725,54378567,"Franklin County, Virginia",B01003_001,56233,NA,VA
51,069,01480124,0500000US51069,51069,Frederick,06,1070101640,5935153,"Frederick County, Virginia",B01003_001,85153,NA,VA
51,071,01494551,0500000US51071,51071,Giles,06,925205279,11234370,"Giles County, Virginia",B01003_001,16814,NA,VA
51,073,01480126,0500000US51073,51073,Gloucester,06,564117808,181754414,"Gloucester County, Virginia",B01003_001,37161,NA,VA
51,075,01674271,0500000US51075,51075,Goochland,06,726830014,21963167,"Goochland County, Virginia",B01003_001,22482,NA,VA
51,077,01501196,0500000US51077,51077,Grayson,06,1144218810,9792929,"Grayson County, Virginia",B01003_001,15811,NA,VA
51,079,01480129,0500000US51079,51079,Greene,06,403865093,1680243,"Greene County, Virginia",B01003_001,19410,NA,VA
51,081,01501122,0500000US51081,51081,Greensville,06,764634552,4086108,"Greensville County, Virginia",B01003_001,11659,NA,VA
51,083,01496705,0500000US51083,51083,Halifax,06,2117910064,30527646,"Halifax County, Virginia",B01003_001,34779,NA,VA
51,085,01480132,0500000US51085,51085,Hanover,06,1211818312,12652671,"Hanover County, Virginia",B01003_001,104449,NA,VA
51,087,01480133,0500000US51087,51087,Henrico,06,605180344,28932787,"Henrico County, Virginia",B01003_001,325642,NA,VA
51,089,01502770,0500000US51089,51089,Henry,06,990282309,5272093,"Henry County, Virginia",B01003_001,51588,NA,VA
51,091,01673774,0500000US51091,51091,Highland,06,1075266902,1791758,"Highland County, Virginia",B01003_001,2214,NA,VA
51,093,01702378,0500000US51093,51093,Isle of Wight,06,817574799,122145854,"Isle of Wight County, Virginia",B01003_001,36372,NA,VA
51,095,01480135,0500000US51095,51095,James City,06,368724589,95245989,"James City County, Virginia",B01003_001,74153,NA,VA
51,097,01480136,0500000US51097,51097,King and Queen,06,816239120,28893748,"King and Queen County, Virginia",B01003_001,7052,NA,VA
51,099,01480137,0500000US51099,51099,King George,06,465122891,21198264,"King George County, Virginia",B01003_001,25890,NA,VA
51,101,01480138,0500000US51101,51101,King William,06,709471336,31141592,"King William County, Virginia",B01003_001,16497,NA,VA
51,103,01480139,0500000US51103,51103,Lancaster,06,345238881,254114185,"Lancaster County, Virginia",B01003_001,10804,NA,VA
51,105,01496538,0500000US51105,51105,Lee,06,1127622401,4896868,"Lee County, Virginia",B01003_001,24134,NA,VA
51,107,01480141,0500000US51107,51107,Loudoun,06,1335828238,14421373,"Loudoun County, Virginia",B01003_001,385143,NA,VA
51,109,01494707,0500000US51109,51109,Louisa,06,1284976753,37794134,"Louisa County, Virginia",B01003_001,35380,NA,VA
51,111,01492239,0500000US51111,51111,Lunenburg,06,1118097710,1743628,"Lunenburg County, Virginia",B01003_001,12278,NA,VA
51,113,01494590,0500000US51113,51113,Madison,06,830447699,3207612,"Madison County, Virginia",B01003_001,13139,NA,VA
51,115,01480145,0500000US51115,51115,Mathews,06,222498971,430080748,"Mathews County, Virginia",B01003_001,8796,NA,VA
51,117,01500747,0500000US51117,51117,Mecklenburg,06,1619502374,139697793,"Mecklenburg County, Virginia",B01003_001,30847,NA,VA
51,119,01480147,0500000US51119,51119,Middlesex,06,337554148,208310589,"Middlesex County, Virginia",B01003_001,10700,NA,VA
51,121,01674630,0500000US51121,51121,Montgomery,06,1001920426,6290938,"Montgomery County, Virginia",B01003_001,97997,NA,VA
51,125,01500936,0500000US51125,51125,Nelson,06,1219224471,8984036,"Nelson County, Virginia",B01003_001,14812,NA,VA
51,127,01480150,0500000US51127,51127,New Kent,06,543990078,35597680,"New Kent County, Virginia",B01003_001,21103,NA,VA
51,131,01480151,0500000US51131,51131,Northampton,06,548282865,1511417325,"Northampton County, Virginia",B01003_001,11957,NA,VA
51,133,01480152,0500000US51133,51133,Northumberland,06,495768323,243946540,"Northumberland County, Virginia",B01003_001,12223,NA,VA
51,135,01493928,0500000US51135,51135,Nottoway,06,814265583,4297830,"Nottoway County, Virginia",B01003_001,15500,NA,VA
51,137,01494761,0500000US51137,51137,Orange,06,883475384,6501371,"Orange County, Virginia",B01003_001,35612,NA,VA
51,139,01500440,0500000US51139,51139,Page,06,802949708,8369901,"Page County, Virginia",B01003_001,23749,NA,VA
51,141,01497999,0500000US51141,51141,Patrick,06,1250846143,7141128,"Patrick County, Virginia",B01003_001,17859,NA,VA
51,143,01480157,0500000US51143,51143,Pittsylvania,06,2509705660,23903852,"Pittsylvania County, Virginia",B01003_001,61676,NA,VA
51,145,01674225,0500000US51145,51145,Powhatan,06,673916979,5448475,"Powhatan County, Virginia",B01003_001,28574,NA,VA
51,147,01492359,0500000US51147,51147,Prince Edward,06,906395970,10040115,"Prince Edward County, Virginia",B01003_001,22956,NA,VA
51,149,01480160,0500000US51149,51149,Prince George,06,687240723,42735664,"Prince George County, Virginia",B01003_001,37894,NA,VA
51,153,01480161,0500000US51153,51153,Prince William,06,869562682,30888500,"Prince William County, Virginia",B01003_001,456749,NA,VA
51,155,01501465,0500000US51155,51155,Pulaski,06,828377036,24877884,"Pulaski County, Virginia",B01003_001,34234,NA,VA
51,157,01673976,0500000US51157,51157,Rappahannock,06,689900924,2142396,"Rappahannock County, Virginia",B01003_001,7332,NA,VA
51,159,01480164,0500000US51159,51159,Richmond,06,495925426,64458631,"Richmond County, Virginia",B01003_001,8878,NA,VA
51,161,01480165,0500000US51161,51161,Roanoke,06,648905646,1762430,"Roanoke County, Virginia",B01003_001,93583,NA,VA
51,163,01480166,0500000US51163,51163,Rockbridge,06,1545038082,8836969,"Rockbridge County, Virginia",B01003_001,22509,NA,VA
51,165,01488970,0500000US51165,51165,Rockingham,06,2200943714,10647621,"Rockingham County, Virginia",B01003_001,79444,NA,VA
51,167,01497573,0500000US51167,51167,Russell,06,1226419638,7550972,"Russell County, Virginia",B01003_001,27408,NA,VA
51,169,01498172,0500000US51169,51169,Scott,06,1387786298,8105325,"Scott County, Virginia",B01003_001,22009,NA,VA
51,171,01673918,0500000US51171,51171,Shenandoah,06,1315897688,9738609,"Shenandoah County, Virginia",B01003_001,43045,NA,VA
51,173,01500545,0500000US51173,51173,Smyth,06,1168992135,3519016,"Smyth County, Virginia",B01003_001,31059,NA,VA
51,175,01480171,0500000US51175,51175,Southampton,06,1551866777,8133232,"Southampton County, Virginia",B01003_001,17939,NA,VA
51,177,01480172,0500000US51177,51177,Spotsylvania,06,1039887175,33117022,"Spotsylvania County, Virginia",B01003_001,131412,NA,VA
51,179,01480173,0500000US51179,51179,Stafford,06,697237202,28088012,"Stafford County, Virginia",B01003_001,144012,NA,VA
51,181,01480174,0500000US51181,51181,Surry,06,722475750,81216905,"Surry County, Virginia",B01003_001,6600,NA,VA
51,183,01690257,0500000US51183,51183,Sussex,06,1269679004,6740704,"Sussex County, Virginia",B01003_001,11486,NA,VA
51,185,01497748,0500000US51185,51185,Tazewell,06,1343661893,2921374,"Tazewell County, Virginia",B01003_001,42080,NA,VA
51,187,01674058,0500000US51187,51187,Warren,06,555641045,8578481,"Warren County, Virginia",B01003_001,39449,NA,VA
51,191,01498359,0500000US51191,51191,Washington,06,1453385755,12998219,"Washington County, Virginia",B01003_001,54406,NA,VA
51,193,01480179,0500000US51193,51193,Westmoreland,06,593950813,61109991,"Westmoreland County, Virginia",B01003_001,17638,NA,VA
51,195,01496656,0500000US51195,51195,Wise,06,1044903123,5257730,"Wise County, Virginia",B01003_001,39025,NA,VA
51,197,01501379,0500000US51197,51197,Wythe,06,1196372570,7310342,"Wythe County, Virginia",B01003_001,28940,NA,VA
51,199,01480182,0500000US51199,51199,York,06,270917800,285551180,"York County, Virginia",B01003_001,67587,NA,VA
51,510,01498415,0500000US51510,51510,Alexandria,25,38676699,1072887,"Alexandria city, Virginia",B01003_001,156505,NA,VA
51,520,01498416,0500000US51520,51520,Bristol,25,33420176,322409,"Bristol city, Virginia",B01003_001,16843,NA,VA
51,530,01498417,0500000US51530,51530,Buena Vista,25,16674747,219580,"Buena Vista city, Virginia",B01003_001,6399,NA,VA
51,540,01789068,0500000US51540,51540,Charlottesville,25,26533569,47161,"Charlottesville city, Virginia",B01003_001,47042,NA,VA
51,550,01498558,0500000US51550,51550,Chesapeake,25,876737869,32209980,"Chesapeake city, Virginia",B01003_001,237820,NA,VA
51,570,01498420,0500000US51570,51570,Colonial Heights,25,19475232,766910,"Colonial Heights city, Virginia",B01003_001,17593,NA,VA
51,580,01789069,0500000US51580,51580,Covington,25,14163842,521492,"Covington city, Virginia",B01003_001,5582,NA,VA
51,590,01498421,0500000US51590,51590,Danville,25,110844524,2341364,"Danville city, Virginia",B01003_001,41512,NA,VA
51,595,01498422,0500000US51595,51595,Emporia,25,17881071,165621,"Emporia city, Virginia",B01003_001,5381,NA,VA
51,600,01789070,0500000US51600,51600,Fairfax,25,16162729,84155,"Fairfax city, Virginia",B01003_001,23865,NA,VA
51,610,01498423,0500000US51610,51610,Falls Church,25,5300265,32,"Falls Church city, Virginia",B01003_001,14067,NA,VA
51,620,01498424,0500000US51620,51620,Franklin,25,21563597,102065,"Franklin city, Virginia",B01003_001,8211,NA,VA
51,630,01498425,0500000US51630,51630,Fredericksburg,25,27067169,177679,"Fredericksburg city, Virginia",B01003_001,28469,NA,VA
51,640,01498426,0500000US51640,51640,Galax,25,21332076,105290,"Galax city, Virginia",B01003_001,6638,NA,VA
51,650,01498554,0500000US51650,51650,Hampton,25,133141155,219759022,"Hampton city, Virginia",B01003_001,135583,NA,VA
51,660,01498563,0500000US51660,51660,Harrisonburg,25,44908390,131080,"Harrisonburg city, Virginia",B01003_001,53391,NA,VA
51,670,01498428,0500000US51670,51670,Hopewell,25,26818721,1228128,"Hopewell city, Virginia",B01003_001,22408,NA,VA
51,678,01789071,0500000US51678,51678,Lexington,25,6473002,67783,"Lexington city, Virginia",B01003_001,7110,NA,VA
51,680,01498429,0500000US51680,51680,Lynchburg,25,126842533,1428787,"Lynchburg city, Virginia",B01003_001,80131,NA,VA
51,683,01498430,0500000US51683,51683,Manassas,25,25510900,144861,"Manassas city, Virginia",B01003_001,41457,NA,VA
51,685,01498431,0500000US51685,51685,Manassas Park,25,6538719,616,"Manassas Park city, Virginia",B01003_001,16423,NA,VA
51,690,01789072,0500000US51690,51690,Martinsville,25,28376608,133615,"Martinsville city, Virginia",B01003_001,13101,NA,VA
51,700,01498555,0500000US51700,51700,Newport News,25,179016537,130929668,"Newport News city, Virginia",B01003_001,180145,NA,VA
51,710,01498557,0500000US51710,51710,Norfolk,25,137985832,111697124,"Norfolk city, Virginia",B01003_001,245592,NA,VA
51,720,01498434,0500000US51720,51720,Norton,25,19366113,89335,"Norton city, Virginia",B01003_001,3990,NA,VA
51,730,01498435,0500000US51730,51730,Petersburg,25,58845017,578133,"Petersburg city, Virginia",B01003_001,31827,NA,VA
51,735,01498436,0500000US51735,51735,Poquoson,25,39837347,163456081,"Poquoson city, Virginia",B01003_001,12039,NA,VA
51,740,01498556,0500000US51740,51740,Portsmouth,25,86248207,34658279,"Portsmouth city, Virginia",B01003_001,95311,NA,VA
51,750,01498438,0500000US51750,51750,Radford,25,25061755,858259,"Radford city, Virginia",B01003_001,17630,NA,VA
51,760,01789073,0500000US51760,51760,Richmond,25,155176309,6878617,"Richmond city, Virginia",B01003_001,223787,NA,VA
51,770,01498439,0500000US51770,51770,Roanoke,25,110121235,861515,"Roanoke city, Virginia",B01003_001,99621,NA,VA
51,775,01789074,0500000US51775,51775,Salem,25,37600652,277514,"Salem city, Virginia",B01003_001,25519,NA,VA
51,790,01789075,0500000US51790,51790,Staunton,25,51593821,147694,"Staunton city, Virginia",B01003_001,24452,NA,VA
51,800,01498560,0500000US51800,51800,Suffolk,25,1033802704,77061976,"Suffolk city, Virginia",B01003_001,89160,NA,VA
51,810,01498559,0500000US51810,51810,Virginia Beach,25,633832297,654683626,"Virginia Beach city, Virginia",B01003_001,450135,NA,VA
51,820,01498443,0500000US51820,51820,Waynesboro,25,38771454,364648,"Waynesboro city, Virginia",B01003_001,21926,NA,VA
51,830,01789076,0500000US51830,51830,Williamsburg,25,23155310,416905,"Williamsburg city, Virginia",B01003_001,14788,NA,VA
51,840,01789077,0500000US51840,51840,Winchester,25,23809490,54462,"Winchester city, Virginia",B01003_001,27789,NA,VA
11,001,01702382,0500000US11001,11001,District of Columbia,00,158340391,18687198,"District of Columbia, District of Columbia",B01003_001,684498,NA,DC
42,001,01213656,0500000US42001,42001,Adams,06,1343584297,7700079,"Adams County, Pennsylvania",B01003_001,102023,NA,PA
42,003,01213657,0500000US42003,42003,Allegheny,06,1890994754,37306406,"Allegheny County, Pennsylvania",B01003_001,1225561,NA,PA
42,005,01213658,0500000US42005,42005,Armstrong,06,1691724751,27619089,"Armstrong County, Pennsylvania",B01003_001,66331,NA,PA
42,007,01214112,0500000US42007,42007,Beaver,06,1125904407,24162728,"Beaver County, Pennsylvania",B01003_001,166896,NA,PA
42,009,01209171,0500000US42009,42009,Bedford,06,2621850830,11921645,"Bedford County, Pennsylvania",B01003_001,48611,NA,PA
42,011,01209172,0500000US42011,42011,Berks,06,2217987965,24304378,"Berks County, Pennsylvania",B01003_001,416642,NA,PA
42,013,01213659,0500000US42013,42013,Blair,06,1361819110,3281614,"Blair County, Pennsylvania",B01003_001,123842,NA,PA
42,015,01213660,0500000US42015,42015,Bradford,06,2971797231,35229170,"Bradford County, Pennsylvania",B01003_001,61304,NA,PA
42,017,01209173,0500000US42017,42017,Bucks,06,1565461198,45136441,"Bucks County, Pennsylvania",B01003_001,626370,NA,PA
42,019,01213661,0500000US42019,42019,Butler,06,2042451298,15948100,"Butler County, Pennsylvania",B01003_001,186566,NA,PA
42,021,01213662,0500000US42021,42021,Cambria,06,1782847427,13653004,"Cambria County, Pennsylvania",B01003_001,134550,NA,PA
42,023,01213663,0500000US42023,42023,Cameron,06,1026233358,5660230,"Cameron County, Pennsylvania",B01003_001,4686,NA,PA
42,025,01213664,0500000US42025,42025,Carbon,06,987977569,15349904,"Carbon County, Pennsylvania",B01003_001,63931,NA,PA
42,027,01214720,0500000US42027,42027,Centre,06,2874529771,8187262,"Centre County, Pennsylvania",B01003_001,161443,NA,PA
42,029,01209174,0500000US42029,42029,Chester,06,1943848979,22559478,"Chester County, Pennsylvania",B01003_001,517156,NA,PA
42,031,01210234,0500000US42031,42031,Clarion,06,1556159014,23329372,"Clarion County, Pennsylvania",B01003_001,38827,NA,PA
42,033,01209175,0500000US42033,42033,Clearfield,06,2964714515,23932643,"Clearfield County, Pennsylvania",B01003_001,80216,NA,PA
42,035,01214721,0500000US42035,42035,Clinton,06,2299868396,23178635,"Clinton County, Pennsylvania",B01003_001,39074,NA,PA
42,037,01213665,0500000US42037,42037,Columbia,06,1251240747,18266224,"Columbia County, Pennsylvania",B01003_001,66220,NA,PA
42,039,01213666,0500000US42039,42039,Crawford,06,2621849834,65300098,"Crawford County, Pennsylvania",B01003_001,86164,NA,PA
42,041,01209176,0500000US42041,42041,Cumberland,06,1412836743,12519264,"Cumberland County, Pennsylvania",B01003_001,247433,NA,PA
42,043,01213667,0500000US42043,42043,Dauphin,06,1359501931,86167330,"Dauphin County, Pennsylvania",B01003_001,274515,NA,PA
42,045,01209177,0500000US42045,42045,Delaware,06,476088156,17572423,"Delaware County, Pennsylvania",B01003_001,563527,NA,PA
42,047,01213668,0500000US42047,42047,Elk,06,2142856004,12818652,"Elk County, Pennsylvania",B01003_001,30608,NA,PA
42,049,01209178,0500000US42049,42049,Erie,06,2069618350,1966181937,"Erie County, Pennsylvania",B01003_001,275972,NA,PA
42,051,01209179,0500000US42051,42051,Fayette,06,2046967686,20644360,"Fayette County, Pennsylvania",B01003_001,132289,NA,PA
42,053,01213669,0500000US42053,42053,Forest,06,1106623929,8356609,"Forest County, Pennsylvania",B01003_001,7351,NA,PA
42,055,01213670,0500000US42055,42055,Franklin,06,2000048804,1547614,"Franklin County, Pennsylvania",B01003_001,153751,NA,PA
42,057,01213671,0500000US42057,42057,Fulton,06,1133252799,1305486,"Fulton County, Pennsylvania",B01003_001,14506,NA,PA
42,059,01214033,0500000US42059,42059,Greene,06,1491700989,5253865,"Greene County, Pennsylvania",B01003_001,37144,NA,PA
42,061,01213672,0500000US42061,42061,Huntingdon,06,2265337411,37851956,"Huntingdon County, Pennsylvania",B01003_001,45421,NA,PA
42,063,01213673,0500000US42063,42063,Indiana,06,2143140107,17642456,"Indiana County, Pennsylvania",B01003_001,85755,NA,PA
42,065,01213674,0500000US42065,42065,Jefferson,06,1689789819,11316206,"Jefferson County, Pennsylvania",B01003_001,44084,NA,PA
42,067,01209180,0500000US42067,42067,Juniata,06,1013592882,5606077,"Juniata County, Pennsylvania",B01003_001,24562,NA,PA
42,069,01213675,0500000US42069,42069,Lackawanna,06,1188216340,15897425,"Lackawanna County, Pennsylvania",B01003_001,211454,NA,PA
42,071,01209181,0500000US42071,42071,Lancaster,06,2444602016,103428057,"Lancaster County, Pennsylvania",B01003_001,538347,NA,PA
42,073,01213676,0500000US42073,42073,Lawrence,06,927682843,11745501,"Lawrence County, Pennsylvania",B01003_001,87382,NA,PA
42,075,01214034,0500000US42075,42075,Lebanon,06,937071896,1799189,"Lebanon County, Pennsylvania",B01003_001,138674,NA,PA
42,077,01209182,0500000US42077,42077,Lehigh,06,894071856,7809973,"Lehigh County, Pennsylvania",B01003_001,362613,NA,PA
42,079,01209183,0500000US42079,42079,Luzerne,06,2305983750,41230469,"Luzerne County, Pennsylvania",B01003_001,317884,NA,PA
42,081,01213677,0500000US42081,42081,Lycoming,06,3182452445,39065507,"Lycoming County, Pennsylvania",B01003_001,114859,NA,PA
42,083,01210235,0500000US42083,42083,McKean,06,2536067959,13048799,"McKean County, Pennsylvania",B01003_001,41806,NA,PA
42,085,01213678,0500000US42085,42085,Mercer,06,1741979899,25961347,"Mercer County, Pennsylvania",B01003_001,112630,NA,PA
42,087,01213679,0500000US42087,42087,Mifflin,06,1064602268,9507393,"Mifflin County, Pennsylvania",B01003_001,46362,NA,PA
42,089,01209184,0500000US42089,42089,Monroe,06,1575378412,22873938,"Monroe County, Pennsylvania",B01003_001,167586,NA,PA
42,091,01213680,0500000US42091,42091,Montgomery,06,1250855248,11016762,"Montgomery County, Pennsylvania",B01003_001,821301,NA,PA
42,093,01213681,0500000US42093,42093,Montour,06,337326249,5407947,"Montour County, Pennsylvania",B01003_001,18294,NA,PA
42,095,01209185,0500000US42095,42095,Northampton,06,957377695,19426469,"Northampton County, Pennsylvania",B01003_001,301778,NA,PA
42,097,01209186,0500000US42097,42097,Northumberland,06,1186219239,50572288,"Northumberland County, Pennsylvania",B01003_001,92325,NA,PA
42,099,01213682,0500000US42099,42099,Perry,06,1428244417,10589676,"Perry County, Pennsylvania",B01003_001,45924,NA,PA
42,101,01209187,0500000US42101,42101,Philadelphia,06,347661370,21926542,"Philadelphia County, Pennsylvania",B01003_001,1575522,NA,PA
42,103,01213683,0500000US42103,42103,Pike,06,1411441242,56692242,"Pike County, Pennsylvania",B01003_001,55498,NA,PA
42,105,01213684,0500000US42105,42105,Potter,06,2800612694,559778,"Potter County, Pennsylvania",B01003_001,16937,NA,PA
42,107,01213685,0500000US42107,42107,Schuylkill,06,2016645874,10834898,"Schuylkill County, Pennsylvania",B01003_001,143555,NA,PA
42,109,01213686,0500000US42109,42109,Snyder,06,851544552,7157945,"Snyder County, Pennsylvania",B01003_001,40466,NA,PA
42,111,01209188,0500000US42111,42111,Somerset,06,2782592219,17007774,"Somerset County, Pennsylvania",B01003_001,74949,NA,PA
42,113,01213687,0500000US42113,42113,Sullivan,06,1165338428,6617028,"Sullivan County, Pennsylvania",B01003_001,6177,NA,PA
42,115,01213688,0500000US42115,42115,Susquehanna,06,2132844486,22391439,"Susquehanna County, Pennsylvania",B01003_001,41340,NA,PA
42,117,01209189,0500000US42117,42117,Tioga,06,2936458654,8267710,"Tioga County, Pennsylvania",B01003_001,41226,NA,PA
42,119,01213689,0500000US42119,42119,Union,06,818323459,4639336,"Union County, Pennsylvania",B01003_001,45114,NA,PA
42,121,01213690,0500000US42121,42121,Venango,06,1746387665,22149577,"Venango County, Pennsylvania",B01003_001,52376,NA,PA
42,123,01213691,0500000US42123,42123,Warren,06,2289908286,37358226,"Warren County, Pennsylvania",B01003_001,40035,NA,PA
42,125,01209190,0500000US42125,42125,Washington,06,2219590657,10147675,"Washington County, Pennsylvania",B01003_001,207547,NA,PA
42,127,01213692,0500000US42127,42127,Wayne,06,1879248516,64833220,"Wayne County, Pennsylvania",B01003_001,51536,NA,PA
42,129,01209191,0500000US42129,42129,Westmoreland,06,2662611738,20838920,"Westmoreland County, Pennsylvania",B01003_001,354751,NA,PA
42,131,01209192,0500000US42131,42131,Wyoming,06,1029016037,20034373,"Wyoming County, Pennsylvania",B01003_001,27588,NA,PA
42,133,01209193,0500000US42133,42133,York,06,2341882851,16941832,"York County, Pennsylvania",B01003_001,444014,NA,PA
