geoid,p_symp_inf,p_death_inf,p_hosp_inf,p_mild_inf,p_icu_inf,p_vent_inf,p_death_symp,p_hosp_symp,p_mild_symp,p_icu_hosp,p_vent_icu,rr_death_inf,death_inf_overall,rr_hosp_inf,hosp_inf_overall,rr_symp_inf,symp_inf_overall,rr_icu_inf,icu_inf_overall,rr_vent_inf,vent_inf_overall
010101,0.2497760133839147,0.001832930209650144,0.03375218559374782,0.21342701480481807,0.005711921712336573,0.0028495841434270754,0.007338295558560559,0.1351298114517886,0.8648701885482114,0.16923116568174587,0.4988836134207794,0.8892107530414962,0.002070670008730542,1.1306832610001227,0.029976094918006013,1.081083339509708,0.2311076026548273,0.8851009166511901,0.006531428335988535,0.9160916416394597,0.0031454821005257533
020101,0.24165526082231892,0.002306520748788198,0.03294101154833363,0.2065422133472976,0.007177630553406657,0.0034793094470553856,0.009544674264236714,0.13631406755325745,0.8636859324467425,0.21789344698401494,0.48474345693427073,1.1137149511858389,0.002070670008730542,1.0915973844067421,0.029976094918006013,1.0447693459234295,0.2311076026548273,1.0955891340369464,0.006531428335988535,1.1101159727078,0.0031454821005257533
030101,0.2730888337344267,0.0017056074709696735,0.03691952994454837,0.2341588827498801,0.005544975015282229,0.002767475980113906,0.006245614101630906,0.1351923820526908,0.8648076179473092,0.15019083459650098,0.4990962037676641,0.8271300312277277,0.002070670008730542,1.2423215285950175,0.029976094918006013,1.1823132124428912,0.2311076026548273,0.8567327247951521,0.006531428335988535,0.8784523678077948,0.0031454821005257533
040101,0.28014501432232497,0.0018459485061579222,0.03813874038613403,0.24072491438752158,0.005864776706682647,0.002898121961385178,0.0065892606035602656,0.13613927943137671,0.8638607205686233,0.15377478771729133,0.4941572554813382,0.8944977259966125,0.002070670008730542,1.2749763594682806,0.029976094918006013,1.2134468915365901,0.2311076026548273,0.9037153526261954,0.006531428335988535,0.9350048438814609,0.0031454821005257533
040201,0.26474828424140545,0.0031257697699996136,0.042202730605074956,0.22087706642257532,0.009550628460010622,0.004700587662164369,0.011806572340802944,0.15940700324461116,0.8405929967553889,0.2263035666905909,0.49217574339177483,1.5102455477486134,0.002070670008730542,1.402107022777154,0.029976094918006013,1.1475903493571844,0.2311076026548273,1.4491144286539026,0.006531428335988535,1.4960989480965754,0.0031454821005257533
040301,0.2269647801226013,0.0019515853415620426,0.02959977585392954,0.19555645953200262,0.006086863798685513,0.0029607210660146767,0.00859862636179869,0.1304157228180531,0.8695842771819469,0.20563884769679588,0.48641158467420587,0.9419438390978012,0.002070670008730542,0.9873012864740676,0.029976094918006013,0.9820629295225524,0.2311076026548273,0.9311340536223243,0.006531428335988535,0.9434582748649258,0.0031454821005257533
050101,0.22004121076699917,0.0021722265032142266,0.029568681843457706,0.18865709407341785,0.006804155357789577,0.0032774961739092884,0.009871907610590223,0.13437792739091894,0.8656220726090811,0.23011358415678065,0.4816903791235637,1.0491555487108462,0.002070670008730542,0.985322352837651,0.029976094918006013,0.9529037895114807,0.2311076026548273,1.0336145423478917,0.006531428335988535,1.0449389830016225,0.0031454821005257533
050102,0.2701717454709578,0.00429189665295838,0.04694821893156412,0.22215371011919133,0.014035921148087991,0.006603442325510387,0.01588580865655228,0.17377175710851983,0.8262282428914802,0.2989659984449675,0.4704673284952106,2.0711803978018155,0.002070670008730542,1.5743194539103884,0.029976094918006013,1.1706826448334815,0.2311076026548273,2.1075193674101307,0.006531428335988535,2.075098671998852,0.0031454821005257533
050103,0.2368473824232376,0.0026151216608459715,0.03372043794163608,0.20136810844886574,0.00820773270899911,0.00394740474649919,0.011041378773495772,0.1423720101807116,0.8576279898192884,0.24340528207863718,0.48093729248409645,1.2638344229548495,0.002070670008730542,1.1215109201998037,0.029976094918006013,1.0242194296311813,0.2311076026548273,1.250024264864405,0.006531428335988535,1.2548183340531405,0.0031454821005257533
050104,0.2541955099328706,0.002382799150083075,0.03592486494253287,0.21679446399467273,0.007770210731987536,0.0037186557554118272,0.009373883711448476,0.14132769281416543,0.8586723071858345,0.21629060385939197,0.47857849467367475,1.1513169798013334,0.002070670008730542,1.1947594287432937,0.029976094918006013,1.101266843641347,0.2311076026548273,1.1890247790362207,0.006531428335988535,1.1855930027966697,0.0031454821005257533
050204,0.2414026366938068,8.907700235093703e-4,0.025416559217459125,0.21211605944172093,0.002999209193498037,0.0014494207546254885,0.0036899763635938076,0.10528699920414411,0.8947130007958559,0.11800217204214733,0.4832676419396409,0.43364571799458973,0.002070670008730542,0.8561390279978006,0.029976094918006013,1.0443998644917558,0.2311076026548273,0.4647473247961774,0.006531428335988535,0.4581555648889298,0.0031454821005257533
050205,0.25424716826840493,0.0014389063221399451,0.030355226762070184,0.22137893466573297,0.00465549572514512,0.002279412962766302,0.005659478262589392,0.11939258544671233,0.8806074145532876,0.15336718653547696,0.48961766852342,0.6984298463731562,0.002070670008730542,1.0186429789988727,0.029976094918006013,1.100024615816416,0.2311076026548273,0.7122339534503127,0.006531428335988535,0.7193774318714268,0.0031454821005257533
050301,0.2573856136188271,0.002605979693341584,0.03730830714816481,0.21861282649005298,0.008272522688182855,0.0039900047463331196,0.01012480711995382,0.14495101969225138,0.8550489803077486,0.22173406730382242,0.48232019381859986,1.2589809142596065,0.002070670008730542,1.2445972721140106,0.029976094918006013,1.114344540841464,0.2311076026548273,1.2621153292548946,0.006531428335988535,1.2680429786342187,0.0031454821005257533
050302,0.24839417148216494,0.002434937202876389,0.034996233649135636,0.2115191323396859,0.007664448191248289,0.0037069417083971773,0.009802714726948498,0.14088991476858553,0.8591100852314144,0.2190078014705903,0.48365408910063196,1.1755614909201144,0.002070670008730542,1.1644354578771483,0.029976094918006013,1.0740447889349714,0.2311076026548273,1.1658130801160524,0.006531428335988535,1.176575781238956,0.0031454821005257533
050303,0.2439905440579966,0.0023853472473276396,0.033544494292440295,0.20835313525844823,0.00751878376036008,0.0036210894860254864,0.009776392181660295,0.13748276361262082,0.8625172363873792,0.22414360147484885,0.4816057492059154,1.1529886068195032,0.002070670008730542,1.1169038873052743,0.029976094918006013,1.0554103344276058,0.2311076026548273,1.1481540267281838,0.006531428335988535,1.1510617772281033,0.0031454821005257533
050402,0.2509573550740596,0.0029795842852087732,0.03808242504004002,0.21144810333790576,0.009249943518706779,0.004483397058847883,0.011872870927929064,0.15174859102576047,0.8482514089742396,0.24289271255654935,0.48469453351588687,1.438510521334699,0.002070670008730542,1.2687211938644576,0.029976094918006013,1.0863233714937093,0.2311076026548273,1.4053813427056365,0.006531428335988535,1.4244584156741524,0.0031454821005257533
050403,0.25314499274004165,0.002630536653150442,0.036942069578669995,0.21432735781839035,0.008001536606969362,0.0039409979872125685,0.010391422815349854,0.14593245230256777,0.8540675476974322,0.21659686905005923,0.49253014524484556,1.2680986588744538,0.002070670008730542,1.227971003032637,0.029976094918006013,1.0960115642349642,0.2311076026548273,1.2237391088459586,0.006531428335988535,1.2569271893792897,0.0031454821005257533
050404,0.23111038605049805,0.0027935755366448826,0.033377200318393814,0.19565827965823676,0.008983172150195722,0.0042462291883727165,0.01208762437891684,0.1444210313901723,0.8555789686098277,0.26914097241538837,0.4726870550154381,1.345301242057216,0.002070670008730542,1.1122710788854007,0.029976094918006013,1.0013553419269352,0.2311076026548273,1.3535294733988548,0.006531428335988535,1.3404265654506367,0.0031454821005257533
050503,0.27142084751768786,0.0014728107036134528,0.03396939806880545,0.23534744060608487,0.004971299147064699,0.002388404916849943,0.005426299111078684,0.12515397538352963,0.8748460246164704,0.146346400869255,0.48043878394648115,0.7131036691562285,0.002070670008730542,1.1444962747678622,0.029976094918006013,1.1763566482588157,0.2311076026548273,0.7613144678465271,0.006531428335988535,0.7569965124053222,0.0031454821005257533
050602,0.2357931219000055,0.0021806809525453568,0.03158412047771213,0.20245066757208224,0.006865095364203738,0.0033210897516107087,0.009248280590093437,0.13394843845829496,0.866051561541705,0.2173590798277321,0.48376454738380925,1.0526960427338465,0.002070670008730542,1.0519200990706694,0.029976094918006013,1.0201976970959918,0.2311076026548273,1.0487167483605098,0.006531428335988535,1.0545797011070255,0.0031454821005257533
051002,0.28259478513885017,0.003343288347828787,0.04649426718825568,0.23484295602500094,0.010618626561000412,0.005172134943796024,0.011830679558315611,0.1645262744866689,0.8354737255133311,0.2283857172757558,0.48708134842899514,1.6172340082175751,0.002070670008730542,1.555623905601118,0.029976094918006013,1.225694181192317,0.2311076026548273,1.6093367055922274,0.006531428335988535,1.6346023357557633,0.0031454821005257533
060101,0.3090203903847787,0.003810030836173808,0.05247670731466633,0.2543905037593604,0.01207150355861869,0.005822330105028245,0.012329383285775168,0.16981632587197443,0.8301836741280255,0.23003546099480435,0.4823202078146493,1.8416403206891117,0.002070670008730542,1.7547305932003845,0.029976094918006013,1.3379767233840334,0.2311076026548273,1.8280595676691718,0.006531428335988535,1.8539132520872408,0.0031454821005257533
060401,0.26489306781260713,0.0016579540873576052,0.034852529004021346,0.22812382590170688,0.0054381034783496755,0.0026702652333307477,0.006258956117834269,0.13157206903080232,0.8684279309691977,0.15603181845777153,0.4910287647084466,0.8015798945967894,0.002070670008730542,1.1735230483334123,0.029976094918006013,1.146147887514861,0.2311076026548273,0.8321161773591516,0.006531428335988535,0.8434899819691977,0.0031454821005257533
060501,0.23983361417618865,0.002414801573916294,0.03310580494408121,0.20473532860050264,0.007539139881171593,0.0036467652854285217,0.010068653563058562,0.13803655112231572,0.8619634488776843,0.2277286383432121,0.4837110523092999,1.1666150266844244,0.002070670008730542,1.1001212657639603,0.029976094918006013,1.0372656082379557,0.2311076026548273,1.1441108571584788,0.006531428335988535,1.1556345909548966,0.0031454821005257533
060502,0.24725419565797502,0.002684353396285551,0.03535042072704955,0.21031863780675497,0.008413997310804618,0.004063810445609824,0.010856654582310093,0.1429719751892483,0.8570280248107517,0.23801689308796167,0.4829821421967163,1.2968830700993559,0.002070670008730542,1.1743700246182067,0.029976094918006013,1.069975994767256,0.2311076026548273,1.2758812131262527,0.006531428335988535,1.2851518342781447,0.0031454821005257533
060601,0.21749075452488553,0.0014482449446717163,0.02480848356384844,0.190244120244818,0.0045361480776665054,0.002202249478033491,0.006658880502003162,0.11406684214252347,0.8859331578574765,0.18284664864710623,0.4854888862372361,0.7002659986676674,0.002070670008730542,0.8292562406939583,0.029976094918006013,0.9399151582317373,0.2311076026548273,0.6949635203469886,0.006531428335988535,0.699700512395399,0.0031454821005257533
060603,0.29677385490804714,0.004508789361339287,0.05341428337077024,0.24259097901645954,0.014491692099703735,0.006921753443483315,0.015192677140431717,0.1799831167314931,0.8200168832685069,0.27130743286605596,0.47763597210465314,2.1796950123205843,0.002070670008730542,1.7845645608967766,0.029976094918006013,1.2873601939831527,0.2311076026548273,2.1892735485638624,0.006531428335988535,2.1931152151817397,0.0031454821005257533
060604,0.25873516063610713,0.0028472624428643543,0.037269707023571574,0.21967174296803976,0.009126640273054064,0.004360053359961887,0.011004543935444588,0.14404577612081415,0.8559542238791858,0.2448809234610252,0.47772819235953895,1.3747173626583868,0.002070670008730542,1.241747049160903,0.029976094918006013,1.1189097308137792,0.2311076026548273,1.3858168058342328,0.006531428335988535,1.3761785140777136,0.0031454821005257533
060701,0.23495268157344795,0.001400542237445904,0.02765353948732181,0.20481556212734758,0.004420078623420381,0.0021550730086823087,0.005960954469924124,0.1176983352653377,0.8823016647346623,0.15983771717348638,0.48756440604096146,0.6791604522085062,0.002070670008730542,0.9262503026340313,0.029976094918006013,1.016367385286571,0.2311076026548273,0.6761424770173851,0.006531428335988535,0.6906898424462656,0.0031454821005257533
060801,0.22291762557953507,0.0017071575886144948,0.027587632691778337,0.19291915052158004,0.005293236592990294,0.0025978379144150103,0.007658244089834861,0.1237570722371404,0.8762429277628596,0.19186990968484888,0.49078439415598096,0.8248540157680875,0.002070670008730542,0.9216461332351633,0.029976094918006013,0.9658828218121671,0.2311076026548273,0.814138459521782,0.006531428335988535,0.8273319551261356,0.0031454821005257533
060802,0.23700821189737764,0.002061985903868408,0.03179650060708987,0.2028975168791738,0.006364746197485212,0.003128912888240555,0.008700061012068345,0.1341578013375227,0.8658421986624774,0.20017127910189036,0.4916005746587077,0.9956791500068363,0.002070670008730542,1.0572499215089242,0.029976094918006013,1.0257176359061178,0.2311076026548273,0.9778031343537701,0.006531428335988535,0.9979469583012913,0.0031454821005257533
060803,0.21674633052399864,0.001531555053859906,0.025538214216588934,0.1892591055982132,0.004705166362672048,0.002315791359682378,0.007066117567745069,0.11782535904921022,0.8821746409507898,0.1842402261476724,0.4921805481851757,0.7410447451333707,0.002070670008730542,0.8524290024491893,0.029976094918006013,0.9379489276338941,0.2311076026548273,0.7253587594008141,0.006531428335988535,0.7394589672385741,0.0031454821005257533
060901,0.2685479409935333,0.0029718376071002223,0.04204157150143842,0.2251695181806817,0.009236642147058462,0.004514121155408759,0.011066320583600322,0.15655145724036956,0.8434485427596304,0.21970259001242232,0.4887188529704319,1.4366360813844712,0.002070670008730542,1.3956568177885282,0.029976094918006013,1.1642264038664196,0.2311076026548273,1.4089280704931406,0.006531428335988535,1.4447839703529417,0.0031454821005257533
060902,0.21058548575091007,0.0011681752644529186,0.02232152520670469,0.18518740149367452,0.0037349746262005396,0.0018058629212217353,0.0055472734043726475,0.10599745337201248,0.8940025466279875,0.16732613885536235,0.4835007200728368,0.5652191290272257,0.002070670008730542,0.7519426294989782,0.029976094918006013,0.9096738388846222,0.2311076026548273,0.5719179005279841,0.006531428335988535,0.5693857339981199,0.0031454821005257533
060903,0.21829684515883852,0.0010636718217490986,0.023039681554674736,0.19190858980543246,0.0034456460410030266,0.0016825042091398543,0.0048725936509762344,0.10554289750688087,0.8944571024931192,0.1495526764476442,0.488298620670299,0.5146525967048152,0.002070670008730542,0.7783345435438096,0.029976094918006013,0.9439791301189394,0.2311076026548273,0.5298160414922538,0.006531428335988535,0.527676038201222,0.0031454821005257533
061001,0.2137258844415046,0.001232467568565186,0.023167347492027153,0.18778993527347748,0.003918574774868455,0.0018963346983528048,0.005766580738621318,0.1083974809722587,0.8916025190277413,0.1691421418104511,0.4839347995895941,0.5963899649387673,0.002070670008730542,0.7772786155586195,0.029976094918006013,0.9244668915111776,0.2311076026548273,0.5997657440283326,0.006531428335988535,0.5983862017367759,0.0031454821005257533
061002,0.21395719952471445,0.0013303020459262634,0.024283501662875087,0.18704154802702852,0.004254973020875138,0.0020594700859472375,0.006217608236046288,0.11349700648923511,0.8865029935107649,0.17522073545843647,0.48401484001035044,0.6432296152812675,0.002070670008730542,0.821291085235567,0.029976094918006013,0.9255511216126697,0.2311076026548273,0.6518025924837244,0.006531428335988535,0.651991097923583,0.0031454821005257533
070101,0.255220226154501,0.002386416682901982,0.03643238959092912,0.2167697320727066,0.007574212066743202,0.0036606637196029924,0.009350421472698376,0.1427488335852907,0.8572511664147093,0.2078977566881591,0.48330620892913856,1.151664663056429,0.002070670008730542,1.2184839720411773,0.029976094918006013,1.1049275028476297,0.2311076026548273,1.154066235734025,0.006531428335988535,1.1681652257675843,0.0031454821005257533
070102,0.24167525663130063,0.0020800019983909686,0.0325066526024706,0.2069411593443493,0.00660134031758608,0.0031883107968840568,0.008606598902113575,0.13450550567558803,0.865494494324412,0.20307659476092468,0.4829793107909229,1.004308709440223,0.002070670008730542,1.087724857953472,0.029976094918006013,1.0459673082548204,0.2311076026548273,1.0091471965819319,0.006531428335988535,1.0169485048170317,0.0031454821005257533
090201,0.21207750666234237,0.0014487774928146082,0.023645570213665937,0.18616119421025779,0.004622382605188522,0.0022021369672503453,0.006831358570813776,0.1114949462854307,0.8885050537145693,0.19548619734773917,0.4764073326120809,0.6996613398341714,0.002070670008730542,0.7929378890581011,0.029976094918006013,0.9174156357102994,0.2311076026548273,0.7123636359029598,0.006531428335988535,0.7021888210682592,0.0031454821005257533
100101,0.27221780904744686,0.002010991178239706,0.037402035087038266,0.2331982220313506,0.006474765117501751,0.0031780911785810077,0.007387434294900212,0.1373974583731926,0.8626025416268074,0.17311264219806025,0.490842697905813,0.9730786566648129,0.002070670008730542,1.2557087638990518,0.029976094918006013,1.1785375656437942,0.2311076026548273,0.9891892563233984,0.006531428335988535,1.0038258255178256,0.0031454821005257533
100201,0.3344309127034377,0.0032620576015421603,0.05493262113632149,0.2771639243303785,0.010281504682066133,0.0051122928411629605,0.009754055255157722,0.16425700809851249,0.8357429919014875,0.18716573994442065,0.4972319713164409,1.576581693513392,0.002070670008730542,1.8359293369509113,0.029976094918006013,1.4492502033725954,0.2311076026548273,1.5732206902086792,0.006531428335988535,1.6261162856979223,0.0031454821005257533
100306,0.3134947784512305,0.0032777281658624728,0.05307384115326816,0.2589298612349854,0.010140112133708756,0.005109173640227762,0.010455447398695285,0.16929736889230104,0.8307026311076989,0.19105668467495784,0.5038577061927497,1.5814370152743757,0.002070670008730542,1.7515683121182175,0.029976094918006013,1.3586606387524014,0.2311076026548273,1.5612040069014221,0.006531428335988535,1.6360414476221097,0.0031454821005257533
100402,0.2868642210491956,0.0018428123285498476,0.03867167453677556,0.24658642862044167,0.006097706878478564,0.0029720521006416974,0.006423988051942579,0.134808288030258,0.865191711969742,0.157678894217002,0.4874048818468711,0.8913782284333148,0.002070670008730542,1.3043664832867932,0.029976094918006013,1.2418224672937292,0.2311076026548273,0.9329384510612787,0.006531428335988535,0.9389318838083828,0.0031454821005257533
110201,0.2175519517950104,6.194525559135692e-4,0.021587140641381404,0.19241516806535777,0.0021760155083959953,0.0010223706061283362,0.002847377607061195,0.0992275199705954,0.9007724800294046,0.10080146993737045,0.4698360844321167,0.30109001282698766,0.002070670008730542,0.744375724540639,0.029976094918006013,0.9422596292566441,0.2311076026548273,0.3367908543427426,0.006531428335988535,0.3318226134922739,0.0031454821005257533
110301,0.2622726288662303,0.0014035328110430143,0.03165870777246306,0.22838683865633108,0.004611306120108722,0.002252255457156611,0.005351426937344929,0.12070915638173699,0.879290843618263,0.14565680170053136,0.4884202866808393,0.6798538726791221,0.002070670008730542,1.0651491491280929,0.029976094918006013,1.1357296098819214,0.2311076026548273,0.7061494705425755,0.006531428335988535,0.7119156456157507,0.0031454821005257533
110302,0.2400080435735073,0.0010188735664417993,0.02543859463925779,0.2109218223757197,0.003369964470130704,0.0016204165889549217,0.004245164250629578,0.10599059206724756,0.8940094079327524,0.13247447502190426,0.48084085257197795,0.4951203754484801,0.002070670008730542,0.8588401414127409,0.029976094918006013,1.0373506079751063,0.2311076026548273,0.5135855520949466,0.006531428335988535,0.5128483459584529,0.0031454821005257533
110303,0.25905299069890025,0.0010756809774330827,0.02845240225917054,0.22720618919094393,0.0036253222002322547,0.0017359134196474123,0.004152358845697933,0.10983236357321595,0.8901676364267841,0.12741708651556025,0.478830107717378,0.5227270094552037,0.002070670008730542,0.9604752652627196,0.029976094918006013,1.1215954463792048,0.2311076026548273,0.553787136682393,0.006531428335988535,0.5499992415054374,0.0031454821005257533
110402,0.24831289168560206,0.0010980914403035036,0.027767334843343247,0.21690013455675047,0.0036364492820504506,0.0017659833117377867,0.004422208741758913,0.11182397601208911,0.8881760239879108,0.13096140852431246,0.4856339728027276,0.5326285107197573,0.002070670008730542,0.9351605512018439,0.029976094918006013,1.073527449860889,0.2311076026548273,0.55827781147765565,0.006531428335988535,0.5595796100234451,0.0031454821005257533
110501,0.24137164005721323,0.001335288665108155,0.02859919701145022,0.20997760865452075,0.004261889753000691,0.002086987206955014,0.0055320859765946254,0.11848615274218315,0.8815138472578169,0.14902130823093965,0.4896858736164205,0.6482733913365106,0.002070670008730542,0.9634959263221546,0.029976094918006013,1.044385568117614,0.2311076026548273,0.6541500842115777,0.006531428335988535,0.6690600557617721,0.0031454821005257533
110502,0.2361936650296233,0.0011470719975376132,0.026613681656376856,0.20593000264839406,0.003803318106153756,0.0018396091625464033,0.004856489260174476,0.11267737283740857,0.8873226271625915,0.14290837905331485,0.4836853271804748,0.5560567802028514,0.002070670008730542,0.899628457185,0.029976094918006013,1.0212571425677694,0.2311076026548273,0.5824364817281966,0.006531428335988535,0.5803549822426486,0.0031454821005257533
110601,0.2446070241123781,0.0010496841642906253,0.02695451732077775,0.21411053118506046,0.0035468029990304854,0.0016960858405747582,0.004291308346927831,0.11019518927794249,0.8898048107220575,0.13158473426999381,0.4782013100356522,0.5101396482206806,0.002070670008730542,0.9121604944437878,0.029976094918006013,1.0588824953833211,0.2311076026548273,0.5447491416569096,0.006531428335988535,0.5380595595962043,0.0031454821005257533
110701,0.2641117913120903,9.318104819514535e-4,0.02803810617511311,0.23178414447191162,0.003258495037520635,0.0015347611494486674,0.0035280911818525,0.10615999397763203,0.893840006022368,0.11621665946942258,0.4710030648432277,0.4528820313483885,0.002070670008730542,0.9486412280270541,0.029976094918006013,1.1441292491214998,0.2311076026548273,0.5022201973640751,0.006531428335988535,0.48524647930591863,0.0031454821005257533
110702,0.24101671380566642,0.0011873443259249666,0.02692143804115329,0.21143563000153212,0.003895643014468874,0.0018828359376844078,0.0049263982865617,0.11169946521991105,0.888300534780089,0.14470412050477477,0.48331839716609937,0.5760625514687978,0.002070670008730542,0.9047793772471373,0.029976094918006013,1.042467059329089,0.2311076026548273,0.5947240220809629,0.006531428335988535,0.5944402621145,0.0031454821005257533
110703,0.2593917164477548,0.0010730916038514215,0.028530147030361365,0.2276600601571352,0.0036887109202954006,0.0017400474239759644,0.004136954018990647,0.1099886589327834,0.8900113410672166,0.12929168981743866,0.471722360893658,0.5210650107672995,0.002070670008730542,0.9632102307494068,0.029976094918006013,1.1248022943085054,0.2311076026548273,0.5661377434812006,0.006531428335988535,0.5516636324512914,0.0031454821005257533
110801,0.2823851603789548,0.0013997769083073934,0.0340775595165143,0.24567800108817645,0.0049473404166658925,0.002299404990649131,0.004956977577819327,0.12067758614079772,0.8793224138592023,0.14517883577514892,0.4647759800201386,0.6766193530648892,0.002070670008730542,1.1502948426770478,0.029976094918006013,1.2249933432067857,0.2311076026548273,0.7583946525097642,0.006531428335988535,0.734662880533121,0.0031454821005257533
110802,0.26540680146603807,7.562586963615935e-4,0.02690292394944219,0.23383890860891415,0.002745529473849973,0.0012753483221882216,0.002849432238300667,0.10136486254624012,0.8986351374537599,0.10205319983097597,0.46451816829335985,0.36890017691846777,0.002070670008730542,0.913492654975615,0.029976094918006013,1.1490912031167781,0.2311076026548273,0.42406696181793657,0.006531428335988535,0.4054711995244019,0.0031454821005257533
110901,0.25637683471569894,0.0012193559052520197,0.02962569298873163,0.22334920824340793,0.004066578564121208,0.00196455670099599,0.004756107963514669,0.1155552646618175,0.8844447353381825,0.13726526382582724,0.48309817946933803,0.592497307357353,0.002070670008730542,0.9989711638976865,0.029976094918006013,1.108796574135598,0.2311076026548273,0.6230360569923225,0.006531428335988535,0.6212737396101162,0.0031454821005257533
120401,0.2742425588742081,0.0012771885553620839,0.0327387613047926,0.2388648681166259,0.004439997222193329,0.002110639228759809,0.004657149352037353,0.11937885001944387,0.8806211499805561,0.1356189741223765,0.4753694930730536,0.6177905628738513,0.002070670008730542,1.1070271445744633,0.029976094918006013,1.1894550516299394,0.2311076026548273,0.6833877027409916,0.006531428335988535,0.6706764867872671,0.0031454821005257533
120501,0.28934480036268273,0.0012788005009800089,0.03506708302794981,0.2516605768347795,0.00457855287498048,0.002112376213139122,0.004419642237832098,0.12119479245521105,0.878805207544789,0.13056554693560335,0.46136328897329326,0.6184829498263575,0.002070670008730542,1.1886947845636173,0.029976094918006013,1.2533281346712835,0.2311076026548273,0.7084461649190033,0.006531428335988535,0.6854013084399357,0.0031454821005257533
120601,0.2788324511321565,0.0015178822050391104,0.035227560119807114,0.24138985680370012,0.005025823572240757,0.0024401331549131506,0.005443707139810958,0.12633952747168056,0.8736604725283195,0.1426673762005711,0.48551906365969394,0.7346709092810009,0.002070670008730542,1.187974837246582,0.029976094918006013,1.2074708444172537,0.2311076026548273,0.7684518525129312,0.006531428335988535,0.7762949416958526,0.0031454821005257533
130201,0.26332791184753135,0.002246948988320104,0.037439378570467266,0.2241910172167405,0.007273321134762879,0.0035388015428966524,0.00853289335169719,0.14217778247580878,0.8578222175241912,0.19426928043352146,0.48654548277580245,1.0852120612588898,0.002070670008730542,1.2506508187257452,0.029976094918006013,1.140729106286465,0.2311076026548273,1.1100037633784432,0.006531428335988535,1.1234696246112525,0.0031454821005257533
130202,0.24841570645333988,0.002002765812580039,0.0330673982005021,0.21295402304023808,0.006467971266516954,0.003117653675126308,0.008062154527882963,0.1331131540457293,0.8668868459542707,0.19559964250283057,0.48201415044399004,0.9668068288123404,0.002070670008730542,1.107697275587936,0.029976094918006013,1.0743478497527386,0.2311076026548273,0.9888493693129924,0.006531428335988535,0.9912526045869441,0.0031454821005257533
130203,0.285900380616124,0.003156132419979427,0.04495416518826825,0.24041667201044614,0.009886282074879703,0.0048147899441738345,0.01103927323628554,0.15723716453748912,0.8427628354625109,0.21991915617776256,0.4870172535748148,1.5261738980962698,0.002070670008730542,1.4897682273183972,0.029976094918006013,1.239150760538599,0.2311076026548273,1.4972777195357767,0.006531428335988535,1.5254141817187499,0.0031454821005257533
130204,0.2638457633760357,0.0023667280583991213,0.03734389732019787,0.2245169058168562,0.007481202325952717,0.0036599559570470275,0.008970119618809402,0.1415368465362658,0.8584631534637341,0.2003326610987232,0.48922028807460954,1.1436120624421369,0.002070670008730542,1.2459701823622815,0.029976094918006013,1.1412295960609464,0.2311076026548273,1.1483824097390734,0.006531428335988535,1.1667677456937549,0.0031454821005257533
130302,0.25902103199069326,0.002176455978695387,0.03562000672280091,0.22117087918472225,0.006919077226156272,0.0033682590464905625,0.008402622605463128,0.13751781640681887,0.8624821835931811,0.19424693768312135,0.4868075519893739,1.0507390818358893,0.002070670008730542,1.1892884758750453,0.029976094918006013,1.1204987295244353,0.2311076026548273,1.0595891452053914,0.006531428335988535,1.0738409674176204,0.0031454821005257533
130303,0.25950353985295305,0.002171157250591792,0.035992646764444344,0.22135968493532787,0.0069909276897235015,0.0034058535568721685,0.008366580478332096,0.13869809554366572,0.8613019044563343,0.19423210900481905,0.48718191748409767,1.0489076914658741,0.002070670008730542,1.199931094887531,0.029976094918006013,1.1229917293609275,0.2311076026548273,1.0671412703167094,0.006531428335988535,1.078528223173887,0.0031454821005257533
130305,0.25132912242161093,0.00202571071026968,0.033919108526424165,0.2154835994182981,0.006590756946310508,0.0031841912674384918,0.00805999197686092,0.13495892636558054,0.8650410736344194,0.19430808274858047,0.48312982763246876,0.9775869671052042,0.002070670008730542,1.1399242687440498,0.029976094918006013,1.0882205409326335,0.2311076026548273,1.0060455828045842,0.006531428335988535,1.0089600878653184,0.0031454821005257533
130601,0.3551320253639973,0.005619361409147348,0.06701364748533531,0.2865254842370177,0.018508511199338912,0.00876251417995231,0.015823302343368522,0.1887006597522394,0.8112993402477606,0.27619017758120323,0.47343160590168326,2.7180671198196773,0.002070670008730542,2.2283142642100158,0.029976094918006013,1.542447003293299,0.2311076026548273,2.79383088479553,0.006531428335988535,2.749694877519688,0.0031454821005257533
130701,0.2509431610569823,0.0018357798528736723,0.03255453953845801,0.21603491801037078,0.005962133045626131,0.0028793166482294183,0.007315520555098202,0.1297287377800496,0.8702712622199504,0.18314290818283022,0.4829339812102496,0.8868945644164008,0.002070670008730542,1.0922888158154334,0.029976094918006013,1.0873259373209785,0.2311076026548273,0.9103084965012895,0.006531428335988535,0.9115577635556789,0.0031454821005257533
140301,0.23575758066443606,0.0019150696810128673,0.030552787364295397,0.20311824701964276,0.006139938183333254,0.0029533706933513827,0.0081230460357441,0.12959408252404192,0.8704059174759581,0.20096163764450864,0.48100984165740485,0.9250723179831586,0.002070670008730542,1.0229568392615724,0.029976094918006013,1.0202721079839088,0.2311076026548273,0.943022004233668,0.006531428335988535,0.9410549024319855,0.0031454821005257533
140902,0.2264865666925085,0.0015392132451032738,0.027140844700671886,0.1968089869402042,0.005010715430895054,0.002381358527455248,0.006796046527532029,0.11983423607422994,0.8801657639257701,0.18461899348221136,0.4752531969331714,0.7435853819831102,0.002070670008730542,0.9202136981411941,0.029976094918006013,0.9810311415225954,0.2311076026548273,0.7660480011322415,0.006531428335988535,0.7615481700615294,0.0031454821005257533
150201,0.23991441414438391,0.002561870435253986,0.03420729847866455,0.20399356167596383,0.008221313029840967,0.003943800422000753,0.010678268099857544,0.14258125590602536,0.8574187440939747,0.24033798035728213,0.4797044471711402,1.2369172736541432,0.002070670008730542,1.1370332775853496,0.029976094918006013,1.0374671213675053,0.2311076026548273,1.2481018007065976,0.006531428335988535,1.2410448048141003,0.0031454821005257533
150202,0.23448382954701014,0.002593136798476156,0.03333166467672943,0.19913467465001747,0.008321787662227178,0.003971276896515847,0.01105891525008668,0.14214909719412863,0.8578509028058714,0.24966612807781696,0.477214398841439,1.251141844970239,0.002070670008730542,1.1079580848456378,0.029976094918006013,1.0143944982723427,0.2311076026548273,1.2600455357632891,0.006531428335988535,1.2510202896059377,0.0031454821005257533
150701,0.21405648217583406,0.0011319240947900307,0.022160395213494825,0.18888285526373794,0.003646549762565553,0.001738607403443864,0.005287969246641293,0.103525924504783,0.896474075495217,0.1645525599807419,0.4767814829491469,0.5478649823936061,0.002070670008730542,0.7463067129154106,0.029976094918006013,0.9263943099721403,0.2311076026548273,0.5567186533592686,0.006531428335988535,0.5500555702539529,0.0031454821005257533
150702,0.2009017858491893,8.254537932319813e-4,0.018704579576332373,0.17887208242302888,0.0026665423118803285,0.001269011645864986,0.004108742934976315,0.09310310257955257,0.9068968974204474,0.14256093279179646,0.47590155993817135,0.4005053724208366,0.002070670008730542,0.6338438527128016,0.029976094918006013,0.8691244829603633,0.2311076026548273,0.4082682977407872,0.006531428335988535,0.4018985946569771,0.0031454821005257533
150703,0.24888468960538637,0.0011216565503136483,0.026944211994210182,0.21867721597103634,0.0038108691663399164,0.0017857703101660167,0.004506731820635757,0.1082598211924204,0.8917401788075796,0.14143553974259118,0.46859921771629043,0.5437153520814344,0.002070670008730542,0.9109777148071824,0.029976094918006013,1.0780396377622339,0.2311076026548273,0.5774410678109481,0.006531428335988535,0.5649529566589682,0.0031454821005257533
150801,0.2165598889202633,0.00204334011325353,0.02608546189763327,0.1879086964452536,0.006832908919039662,0.0031605925131183593,0.009435450504898817,0.12045380161437864,0.8795461983856213,0.261943182982687,0.46255446261130145,0.9849713051880729,0.002070670008730542,0.8823750611748751,0.029976094918006013,0.9367273860421085,0.2311076026548273,1.0258502773647438,0.006531428335988535,0.9900810450122592,0.0031454821005257533
170102,0.23168774299707626,0.0011598420904217468,0.02528170346162973,0.2031677501571793,0.0037869439296225544,0.0018325030149196845,0.005006057184632263,0.10911972784830817,0.8908802721516919,0.14978990380810508,0.48390022376231234,0.5633234614217545,0.002070670008730542,0.8527229085959496,0.029976094918006013,1.0015972806023745,0.2311076026548273,0.580718523932485,0.006531428335988535,0.5775414101560077,0.0031454821005257533
180101,0.23445422952034678,0.002554255964175692,0.03321411075558226,0.1995158526843953,0.008131934750548464,0.003907753051314488,0.010894475946973797,0.14166564972418133,0.8583343502758187,0.24483373378231232,0.4805440736044921,1.2333834632190381,0.002070670008730542,1.1064762118222875,0.029976094918006013,1.0158781764060714,0.2311076026548273,1.2356241429220387,0.006531428335988535,1.2331003738987745,0.0031454821005257533
190101,0.23848096118571457,0.001391067400295936,0.027863998546218363,0.20764017604817359,0.004531782795010187,0.002183895861679489,0.0058330333515079075,0.11683950956789194,0.8831604904321081,0.162639356569491,0.4819065609420012,0.6723633003174572,0.002070670008730542,0.9384459893999206,0.029976094918006013,1.0311839751808014,0.2311076026548273,0.6925373208389307,0.006531428335988535,0.6904329227963701,0.0031454821005257533
200101,0.2663474609995161,0.0018703167298491597,0.03558934375003969,0.2295940136298798,0.00606859956200103,0.002973809169284976,0.007022093331884841,0.13361998502439018,0.8663800149756098,0.17051732126963598,0.49003219588019853,0.9039132981850316,0.002070670008730542,1.1904775576181434,0.029976094918006013,1.1539383320356063,0.2311076026548273,0.9290039210227075,0.006531428335988535,0.9395508788601534,0.0031454821005257533
210101,0.24376082441545838,0.002706827341440636,0.03528329249881887,0.20760945391321137,0.008655004006912093,0.0041505161816960505,0.011104439558455068,0.14474554138643345,0.8552544586135665,0.24530035022105223,0.4795510410372253,1.3068019828364619,0.002070670008730542,1.172318946613195,0.029976094918006013,1.0558686540506161,0.2311076026548273,1.3139036991488664,0.006531428335988535,1.309193442707429,0.0031454821005257533
210102,0.30923456011313066,0.003203899934976535,0.04881984069011874,0.25899048683936343,0.010250335037818248,0.004989841173399118,0.010360743423388438,0.15787317133071557,0.8421268286692845,0.2099624843694531,0.4867978612395864,1.552124284739745,0.002070670008730542,1.6297342131144994,0.029976094918006013,1.3388867584657769,0.2311076026548273,1.5553993117911338,0.006531428335988535,1.5800797906892559,0.0031454821005257533
210201,0.26167450128331476,0.0034511282258629086,0.04110545248384305,0.21978350167138389,0.01147131344709135,0.0053611307581503415,0.013188630183444489,0.15708619786128192,0.8429138021387181,0.2790703605951127,0.46735108258328534,1.6645966312091978,0.002070670008730542,1.3647129794673063,0.029976094918006013,1.1325985464844064,0.2311076026548273,1.719023917489702,0.006531428335988535,1.6805488194059268,0.0031454821005257533
210301,0.2337678375824821,0.002450823477832143,0.03246471643390003,0.19952706976252682,0.007603296940986477,0.0036748662611071443,0.01048400628237578,0.13887588972732512,0.8611241102726749,0.23420185900798526,0.48332536393486625,1.1837027018131687,0.002070670008730542,1.0785147548388838,0.029976094918006013,1.0105363974348498,0.2311076026548273,1.1534644356201778,0.006531428335988535,1.1664328570058538,0.0031454821005257533
210302,0.23251754118776996,0.0022478328624579427,0.03118015418548791,0.1994077380801129,0.007028160642278898,0.003385092181347897,0.009667368969133823,0.13409807288607237,0.8659019271139277,0.2254049354749501,0.48164695624405546,1.0855920787943163,0.002070670008730542,1.0352139187671772,0.029976094918006013,1.0057608840999839,0.2311076026548273,1.0695281510594312,0.006531428335988535,1.078687823199591,0.0031454821005257533
210401,0.26215719292174966,0.0036024353778899704,0.041787932346701126,0.21986046806460113,0.011633947738003856,0.005510772595234508,0.013741508816678733,0.15940028912033039,0.8405997108796697,0.2784044838945538,0.4736803636510097,1.738030733733253,0.002070670008730542,1.3888717204364311,0.029976094918006013,1.1349154647043167,0.2311076026548273,1.7474242903051134,0.006531428335988535,1.7375012548514754,0.0031454821005257533
230101,0.2509086123202738,0.002767422664817029,0.037076908158777386,0.2132231678852775,0.008652005526136642,0.004176194449444705,0.011029604122494352,0.1477705680004732,0.8522294319995268,0.23335294003171655,0.48268513431122256,1.3370040983617564,0.002070670008730542,1.229252927022064,0.029976094918006013,1.0869720721772607,0.2311076026548273,1.3142656151825818,0.006531428335988535,1.3271496995202239,0.0031454821005257533
230201,0.22495584522958428,0.002154312725343014,0.030397679866636083,0.19232876492259052,0.006738669327403546,0.0032492947282627242,0.009576602569025832,0.1351273172546949,0.864872682745305,0.22168367312795415,0.4821864036344842,1.0401791121025397,0.002070670008730542,1.0109196141771266,0.029976094918006013,0.9745477350356583,0.2311076026548273,1.022759656847275,0.006531428335988535,1.03451512814008,0.0031454821005257533
230301,0.19962647900710112,0.0011274248083876816,0.020141183610821588,0.1769113626195583,0.003582067000628307,0.001705433422245777,0.005647671661571393,0.10089434884089261,0.8991056511591073,0.17784788966938916,0.47610316109292156,0.5452877044016142,0.002070670008730542,0.6788567869851995,0.029976094918006013,0.8638749629732942,0.2311076026548273,0.5486290348698954,0.006531428335988535,0.5427378195634425,0.0031454821005257533
230402,0.2299897195909399,0.00224636874270828,0.030882974377747265,0.19722246084300155,0.007095901581234874,0.0033931597721209685,0.009767257191772204,0.1342798036045949,0.8657201963954051,0.22976742765903493,0.4781858560572748,1.0845980403949356,0.002070670008730542,1.0314345123738873,0.029976094918006013,0.9951928988519366,0.2311076026548273,1.0827361801396922,0.006531428335988535,1.0822484981878218,0.0031454821005257533
230403,0.24717211782426377,0.0026693352350894645,0.0357504411828411,0.2100222407592252,0.008660042945668614,0.00412847890932385,0.010799499792235174,0.14463783980788322,0.8553621601921167,0.2422359741346386,0.4767273020728771,1.2876523183941584,0.002070670008730542,1.191165338624014,0.029976094918006013,1.071083820488458,0.2311076026548273,1.3126363872727467,0.006531428335988535,1.2947477618432246,0.0031454821005257533
230501,0.28837576003932736,0.004090769298429188,0.05083021657466144,0.23636592631742703,0.012940772151605384,0.0062490430603767515,0.014185551857310432,0.17626383218800862,0.8237361678119914,0.25458817655434274,0.4828956871481211,1.9788760306877653,0.002070670008730542,1.7029214487084054,0.029976094918006013,1.2506732592400778,0.2311076026548273,1.963025756736831,0.006531428335988535,1.9910848132753705,0.0031454821005257533
230503,0.2513529693364748,0.0020551541878755675,0.03478761761350138,0.21453406502470965,0.0065072954719686375,0.003198485363100958,0.008176367254784352,0.13840145873483906,0.861598541265161,0.18705780729989105,0.4915229955177258,0.9932820751813418,0.002070670008730542,1.1684835834599794,0.029976094918006013,1.088814061413577,0.2311076026548273,0.9944787612287105,0.006531428335988535,1.0114632156836052,0.0031454821005257533
230504,0.23873949966277414,0.001794385796693976,0.030392397373541057,0.20597516619629763,0.005771960610636959,0.0027700984045616606,0.007516082588882835,0.12730359834242394,0.872696401657576,0.1899146204129951,0.47992330360964974,0.8667198386595195,0.002070670008730542,1.018165360907366,0.029976094918006013,1.0324096854432736,0.2311076026548273,0.8828988690614548,0.006531428335988535,0.883070535901179,0.0031454821005257533
240101,0.28774219490804914,0.0019489283234271786,0.038963124276393486,0.24717920458074744,0.006230229116770141,0.003052848623170605,0.006773175286474679,0.13540983896659486,0.8645901610334051,0.159900655619263,0.4900058354119174,0.9420309504676672,0.002070670008730542,1.3036094855336215,0.029976094918006013,1.2468903619737544,0.2311076026548273,0.9547972545809325,0.006531428335988535,0.9786356644465618,0.0031454821005257533
250101,0.31035447888676726,0.005527975552754331,0.058828898537656146,0.2501248065003894,0.018116249246010376,0.008544152187261851,0.017811811746951497,0.18955388930964923,0.8104461106903508,0.30794812917352576,0.47162920266972336,2.666724357795939,0.002070670008730542,1.9646211317963789,0.029976094918006013,1.3440771182322888,0.2311076026548273,2.7218911762857125,0.006531428335988535,2.677178909400939,0.0031454821005257533
250201,0.31837024549870385,0.00583559835320338,0.06197793827447094,0.25541331669147216,0.018944093345637982,0.008989009667402986,0.018329597177218427,0.19467252091157894,0.8053274790884211,0.3056586565003754,0.4745019729050676,2.8163684841298897,0.002070670008730542,2.0649374708079247,0.029976094918006013,1.3794358271940725,0.2311076026548273,2.847361962953912,0.006531428335988535,2.8244190392032396,0.0031454821005257533
250202,0.2941661840625278,0.0038764988266411665,0.04899789546168326,0.24493687716112938,0.012537346138118428,0.005979374280520108,0.013177921313406914,0.16656535698633632,0.8334346430136637,0.2558751966790641,0.4769250377749782,1.8753503234528726,0.002070670008730542,1.6282745290547895,0.029976094918006013,1.2764015544562715,0.2311076026548273,1.8979097247143053,0.006531428335988535,1.890486521257716,0.0031454821005257533
250301,0.2786181968727241,0.00394583698671706,0.048511709910321374,0.22903553654339326,0.012177429968614399,0.005946246756520305,0.01416216539696997,0.1741153681088607,0.8258846318911393,0.25102042354568754,0.48830063255103207,1.9062602537284619,0.002070670008730542,1.6138517522909033,0.029976094918006013,1.208020222387384,0.2311076026548273,1.840738170427116,0.006531428335988535,1.8869713763056577,0.0031454821005257533
250302,0.2829997629724923,0.004022757920876734,0.049130455023488895,0.23254377135229554,0.012423694114837912,0.006059112104802228,0.014214704205486378,0.17360599354376277,0.8263940064562372,0.2528715459463634,0.48770615638111103,1.9426687725929723,0.002070670008730542,1.6339832683119317,0.029976094918006013,1.2267217172182452,0.2311076026548273,1.876333842327815,0.006531428335988535,1.9220643620617648,0.0031454821005257533
250401,0.22294784559389683,0.0020095808746931013,0.028562240552827065,0.19198655453672211,0.006330354073547881,0.0030439692640310562,0.009013681515243642,0.128111758500029,0.871888241499971,0.22163366567267806,0.4808529236540867,0.9702381203419269,0.002070670008730542,0.9552978165557958,0.029976094918006013,0.9652168216801725,0.2311076026548273,0.9678314053810542,0.006531428335988535,0.9682210060779186,0.0031454821005257533
250402,0.23251441503810194,0.0029193971326009626,0.03377468438684669,0.19668868547029122,0.009297162550725139,0.004404451281241763,0.012555768347190703,0.14525845368043983,0.8547415463195602,0.27527015335621763,0.47374145146018065,1.4075045740030214,0.002070670008730542,1.126546741000194,0.029976094918006013,1.0053220522856612,0.2311076026548273,1.4009466093105258,0.006531428335988535,1.3916064293691615,0.0031454821005257533
250403,0.2323270024599346,0.001930551265351924,0.029677578316972025,0.20039187346104828,0.006114550113185659,0.0029506955184131958,0.008309629293671331,0.12774054674118218,0.8722594532588178,0.20603265023443196,0.4825695208630638,0.9320749404767954,0.002070670008730542,0.994505629452311,0.029976094918006013,1.0055666088416113,0.2311076026548273,0.9343481897641986,0.006531428335988535,0.9351166070255239,0.0031454821005257533
260101,0.20814866464369958,0.0021997900553421277,0.025971010217908007,0.18038077279466833,0.007107205250396392,0.0033403826889429646,0.010568360162711775,0.12477144766873295,0.8752285523312671,0.2736591757796045,0.4699994683221876,1.06186614340562,0.002070670008730542,0.872217695475227,0.029976094918006013,0.9012877292782293,0.2311076026548273,1.074040405908521,0.006531428335988535,1.0459025218287394,0.0031454821005257533
260102,0.20892174456943818,0.0019319279071708245,0.02522358211275457,0.18198029483601322,0.006172706151500937,0.0029291776233326865,0.009247136582897527,0.12073220125907548,0.8792677987409245,0.24471964861722167,0.4745370266200727,0.933565489662167,0.002070670008730542,0.8473781240796978,0.029976094918006013,0.9046232357736057,0.2311076026548273,0.9362667915202129,0.006531428335988535,0.9213819077335217,0.0031454821005257533
260301,0.19736549224429462,0.0014818796666837683,0.021245287663689168,0.17385807566195208,0.004594226767969811,0.0022035785409836263,0.007508301729106376,0.10764438819625177,0.8923556118037482,0.21624686098376134,0.4796407866382677,0.7143596443773932,0.002070670008730542,0.7108300038071866,0.029976094918006013,0.8541685246609176,0.2311076026548273,0.7055587049763452,0.006531428335988535,0.6995296549477736,0.0031454821005257533
260601,0.2315754471406643,0.0020600583994642993,0.02968740545979623,0.19983502916102178,0.0065049389021134465,0.0031352354054135865,0.008895841182217267,0.12819755214275116,0.8718024478572488,0.21911442921216787,0.4819776868918711,0.995224982235489,0.002070670008730542,0.9920638156851009,0.029976094918006013,1.0030298377687241,0.2311076026548273,0.996044490217797,0.006531428335988535,0.9946140623078339,0.0031454821005257533
260801,0.23506204479581455,0.001675219978143782,0.028914839785946337,0.20371954533736825,0.005341202241433212,0.002577429723356815,0.0071267140537254895,0.1230093944390855,0.8769906055609145,0.18472183421985378,0.482556100078549,0.8086719039023571,0.002070670008730542,0.9680430671759019,0.029976094918006013,1.0165524401143275,0.2311076026548273,0.8158931465758972,0.006531428335988535,0.8187793221781454,0.0031454821005257533
261602,0.2335414706511965,0.00194128298968739,0.030223453027564025,0.20164193850251322,0.006167658238384643,0.0029777462888981683,0.008312369466007063,0.12941364522236806,0.8705863547776319,0.20406861627490713,0.48280014452909487,0.9384086713574754,0.002070670008730542,1.0091120357950274,0.029976094918006013,1.0113103984461078,0.2311076026548273,0.9468434467289941,0.006531428335988535,0.9495932205961816,0.0031454821005257533
262001,0.21896442356445078,0.0015481007793517409,0.025716943514274122,0.19075467902299428,0.00486599973510983,0.002357590904004339,0.007070101864726291,0.11744804519216567,0.8825519548078343,0.1892137661075069,0.48450288375347106,0.7475048535059197,0.002070670008730542,0.8608183684759141,0.029976094918006013,0.9467437200623283,0.2311076026548273,0.7441712394035646,0.006531428335988535,0.7497036501131,0.0031454821005257533
262101,0.19863728575187628,0.001418391207807711,0.0208653568250272,0.1756148757538935,0.004515693742240243,0.0021358311694089057,0.007140609087759412,0.10504249867313802,0.894957501326862,0.21642063349828938,0.47297963310269053,0.685023576322752,0.002070670008730542,0.70282403465158,0.029976094918006013,0.8592691597380993,0.2311076026548273,0.6949836200354422,0.006531428335988535,0.6776402638786765,0.0031454821005257533
262201,0.2046916188388436,0.0018107752159879417,0.02497350178500237,0.17789545543391616,0.005628735818151013,0.002708245746702082,0.008846357394894555,0.12200549258767814,0.8779945074123219,0.22538832826124944,0.4811463593599095,0.8733823140437683,0.002070670008730542,0.8332597815429446,0.029976094918006013,0.886417361621544,0.2311076026548273,0.8581961999015858,0.006531428335988535,0.8614257006188117,0.0031454821005257533
262401,0.22485407239470268,0.0016488664057664564,0.026670282443173713,0.1956928778290128,0.0052055691783154355,0.0025051793829710504,0.007333051112688239,0.11861151616750543,0.8813884838324946,0.1951823790920447,0.48124984937415566,0.7955781356708216,0.002070670008730542,0.8904758452660695,0.029976094918006013,0.9732316596019626,0.2311076026548273,0.7994649307052079,0.006531428335988535,0.7975747890498252,0.0031454821005257533
262501,0.202960884440724,0.0015459178903483124,0.022155284877466354,0.1785795594310159,0.004972375113057313,0.002353201602077734,0.007616826732935367,0.10916036820847096,0.890839631791529,0.22443291253341566,0.4732550438317284,0.7464513225285414,0.002070670008730542,0.7458616640944302,0.029976094918006013,0.8780996714617453,0.2311076026548273,0.7623480128609605,0.006531428335988535,0.740704176389954,0.0031454821005257533
262801,0.20364329068369216,0.0013999197026756905,0.021583997503432706,0.17993963904171772,0.004439755291225616,0.0021149003616247218,0.006874371838992271,0.10598923947343757,0.8940107605265625,0.20569661808566833,0.47635516439485864,0.6763818438689846,0.002070670008730542,0.7264492052082019,0.029976094918006013,0.8815387909771006,0.2311076026548273,0.6861259521609857,0.006531428335988535,0.6726729648119847,0.0031454821005257533
263801,0.23071247037362624,0.002591159749615781,0.032011468498015366,0.1963885415830316,0.008280723940125629,0.003941138373980627,0.011231121340860073,0.13875049079997515,0.8612495092000249,0.25867991468866897,0.47594128272809383,1.2496062550361509,0.002070670008730542,1.0694531319268297,0.029976094918006013,0.9979483432574441,0.2311076026548273,1.2522492467071564,0.006531428335988535,1.241564973110621,0.0031454821005257533
264301,0.21265507163011524,0.001825609145912364,0.025085603586161485,0.1857642187121911,0.0057319558255965975,0.0027405247557915303,0.00858483708814509,0.11796381527074278,0.8820361847292573,0.22849583052323447,0.4781133768605568,0.8815791879969088,0.002070670008730542,0.8422355553122909,0.029976094918006013,0.9203893077728731,0.2311076026548273,0.8763811948936635,0.006531428335988535,0.8685085909605731,0.0031454821005257533
264302,0.20981543255953736,0.0018418578444579629,0.02462654010494332,0.1833919889669107,0.005842228255358666,0.0027669232614268963,0.008778466969703557,0.11737239632244534,0.8826276036775547,0.23723301082745063,0.4736075244730453,0.8890130598993351,0.002070670008730542,0.8280059907590458,0.029976094918006013,0.9086145697259742,0.2311076026548273,0.8886625736426439,0.006531428335988535,0.8765010048747803,0.0031454821005257533
264404,0.2635391221269347,0.0018243882984404778,0.0352090377369562,0.22692490216585162,0.005758219315087703,0.0028401157045306103,0.0069226469440911076,0.13360080071905842,0.8663991992809416,0.1635437854935679,0.49322812298741925,0.8821636783190068,0.002070670008730542,1.1810652343518049,0.029976094918006013,1.1423947022653205,0.2311076026548273,0.8866471328986075,0.006531428335988535,0.9108867936853606,0.0031454821005257533
270101,0.2207504814497625,0.0016527885708822777,0.026588773468194084,0.19224482964755465,0.0051708029820653895,0.0025107325110577702,0.00748713461473656,0.12044718223749401,0.879552817762506,0.19447316696465095,0.48555950009429694,0.7976062469112712,0.002070670008730542,0.886355150642937,0.029976094918006013,0.9551547861630001,0.2311076026548273,0.7922089554873157,0.006531428335988535,0.798030570178341,0.0031454821005257533
270102,0.22823422529330692,0.001979335708115422,0.029163714991771766,0.19699048239222944,0.006200853089759558,0.002992540569200788,0.008672387787465926,0.12777976201550437,0.8722202379844957,0.21262219478928057,0.4826014301391594,0.9560746268422258,0.002070670008730542,0.9726403638754395,0.029976094918006013,0.986845519786953,0.2311076026548273,0.9492169153685308,0.006531428335988535,0.9547192119040822,0.0031454821005257533
270103,0.2210167541473315,0.0015155097612045893,0.025863476034964555,0.19285579683814746,0.004795415284421676,0.002321352307748642,0.006856990398991828,0.11702043193396895,0.8829795680660311,0.18541263664399965,0.484077430225857,0.7315659767581717,0.002070670008730542,0.864026487370375,0.029976094918006013,0.9561454837761084,0.2311076026548273,0.7325406040970752,0.006531428335988535,0.7356875809551685,0.0031454821005257533
280101,0.22714486431676317,0.0018094513783583556,0.028702009535905036,0.19617910686377293,0.0056277867455347685,0.002750283875418039,0.007966067750644798,0.12635993167725273,0.8736400683227472,0.19607640149706723,0.48869724454292535,0.8737717584715767,0.002070670008730542,0.9575148090224799,0.029976094918006013,0.9830185739996032,0.2311076026548273,0.8631633853615313,0.006531428335988535,0.8762171518076343,0.0031454821005257533
280201,0.24626477502351257,0.002353440530102957,0.034352457859536,0.21031524050256944,0.007561719477024456,0.003626205072956052,0.009556545510328295,0.1394939972891216,0.8605060027108784,0.22012164334626716,0.47954768541386933,1.1368332511357624,0.002070670008730542,1.1426965843700132,0.029976094918006013,1.066128709955583,0.2311076026548273,1.155202786560976,0.006531428335988535,1.1523414567815777,0.0031454821005257533
280301,0.26020868569560685,0.002597823094106921,0.037883271433151115,0.22121322016827122,0.008263727038345655,0.003987988820722303,0.009983614064081877,0.14558803574092494,0.8544119642590751,0.2181365738945709,0.48258961146914564,1.2550758141972833,0.002070670008730542,1.2601478370103671,0.029976094918006013,1.1265290215608288,0.2311076026548273,1.2621266057949954,0.006531428335988535,1.2683885687875338,0.0031454821005257533
290101,0.23154706961336854,0.0012842683462441357,0.026302279173882892,0.20217572593697947,0.0041576464114346425,0.002016597460471589,0.005546467715564591,0.11359366032056366,0.8864063396794364,0.15807171629305108,0.4850334205730928,0.6219624037879123,0.002070670008730542,0.8878486898620663,0.029976094918006013,1.0007840571224125,0.2311076026548273,0.6373840219339999,0.006531428335988535,0.6367784232060419,0.0031454821005257533
