"geoid","USPS","pop2010"
"48301","TX",82
"15005","HI",90
"48269","TX",286
"48261","TX",416
"31005","NE",460
"31009","NE",478
"30069","MT",494
"31117","NE",539
"31075","NE",614
"31115","NE",632
"48033","TX",641
"31171","NE",647
"02282","AK",662
"31007","NE",690
"35021","NM",695
"08111","CO",699
"48311","TX",707
"08079","CO",712
"30103","MT",718
"38087","ND",727
"31091","NE",736
"31113","NE",763
"32009","NV",783
"38007","ND",783
"48263","TX",808
"31183","NE",818
"31103","NE",824
"08053","CO",843
"30037","MT",884
"48393","TX",929
"31085","NE",967
"02230","AK",968
"16033","ID",982
"48443","TX",984
"02060","AK",997
"46075","SD",1006
"30109","MT",1017
"49009","UT",1059
"16025","ID",1117
"48431","TX",1143
"30011","MT",1160
"06003","CA",1175
"30079","MT",1179
"30033","MT",1206
"48345","TX",1210
"48173","TX",1226
"20071","KS",1247
"46063","SD",1255
"31165","NE",1311
"38083","ND",1321
"48155","TX",1336
"46119","SD",1373
"08057","CO",1394
"08061","CO",1398
"28055","MS",1406
"46069","SD",1420
"41069","OR",1441
"46021","SD",1466
"20199","KS",1485
"48433","TX",1490
"48101","TX",1505
"31149","NE",1526
"49031","UT",1556
"48235","TX",1599
"02164","AK",1631
"48045","TX",1637
"48447","TX",1641
"38033","ND",1680
"13265","GA",1717
"30055","MT",1734
"30075","MT",1743
"20101","KS",1750
"30019","MT",1751
"41055","OR",1765
"02068","AK",1826
"08017","CO",1836
"38065","ND",1846
"41021","OR",1871
"20033","KS",1891
"30059","MT",1891
"48011","TX",1901
"46017","SD",1912
"20083","KS",1916
"46055","SD",1937
"31049","NE",1941
"38013","ND",1968
"38091","ND",1975
"32011","NV",1987
"38047","ND",1990
"48137","TX",2002
"31057","NE",2008
"35011","NM",2022
"31073","NE",2044
"46095","SD",2048
"31071","NE",2049
"48359","TX",2052
"31069","NE",2057
"08033","CO",2064
"38023","ND",2071
"46073","SD",2071
"30045","MT",2072
"31015","NE",2099
"02105","AK",2150
"26083","MI",2156
"30107","MT",2168
"29227","MO",2171
"20025","KS",2215
"20203","KS",2234
"20187","KS",2235
"48327","TX",2242
"38095","ND",2246
"49033","UT",2264
"53023","WA",2266
"21201","KY",2282
"51091","VA",2321
"46107","SD",2329
"30051","MT",2339
"48243","TX",2342
"38001","ND",2343
"46111","SD",2355
"46049","SD",2364
"02275","AK",2369
"08115","CO",2379
"38027","ND",2385
"46097","SD",2389
"38037","ND",2394
"48109","TX",2398
"38039","ND",2420
"38043","ND",2435
"48125","TX",2444
"46089","SD",2459
"38075","ND",2470
"40025","OK",2475
"38041","ND",2477
"56027","WY",2484
"02100","AK",2508
"13239","GA",2513
"20153","KS",2519
"31077","NE",2538
"20097","KS",2553
"20179","KS",2556
"20065","KS",2597
"20075","KS",2690
"20063","KS",2695
"46003","SD",2710
"20023","KS",2726
"20109","KS",2756
"31063","NE",2756
"31133","NE",2773
"49055","UT",2778
"20017","KS",2790
"13307","GA",2799
"46137","SD",2801
"38051","ND",2809
"20049","KS",2882
"30025","MT",2890
"16023","ID",2891
"31087","NE",2908
"40057","OK",2922
"20039","KS",2961
"46117","SD",2966
"31135","NE",2970
"46105","SD",2982
"20195","KS",3001
"46043","SD",3002
"46071","SD",3031
"48421","TX",3034
"20047","KS",3037
"48087","TX",3057
"20089","KS",3077
"30039","MT",3079
"13125","GA",3082
"20135","KS",3107
"38063","ND",3126
"48079","TX",3127
"02013","AK",3141
"31017","NE",3145
"38011","ND",3151
"31163","NE",3152
"13061","GA",3183
"31061","NE",3225
"20129","KS",3233
"06091","CA",3240
"20105","KS",3241
"48295","TX",3302
"20165","KS",3307
"20207","KS",3309
"48385","TX",3309
"48081","TX",3320
"46061","SD",3331
"38031","ND",3343
"48191","TX",3353
"48461","TX",3355
"48383","TX",3367
"48417","TX",3378
"30091","MT",3384
"31083","NE",3423
"46007","SD",3431
"46059","SD",3431
"13007","GA",3451
"48413","TX",3461
"48229","TX",3476
"08023","CO",3524
"38025","ND",3536
"38029","ND",3550
"27155","MN",3558
"48271","TX",3598
"40129","OK",3647
"30097","MT",3651
"20019","KS",3669
"48129","TX",3677
"40059","OK",3685
"46025","SD",3691
"48105","TX",3719
"48275","TX",3719
"35003","NM",3725
"48023","TX",3726
"31125","NE",3735
"46085","SD",3755
"29129","MO",3785
"08009","CO",3788
"48211","TX",3807
"31181","NE",3812
"02195","AK",3815
"16061","ID",3821
"31105","NE",3821
"38081","ND",3829
"20183","KS",3853
"20141","KS",3858
"51720","VA",3958
"31029","NE",3966
"48151","TX",3974
"16003","ID",3976
"20093","KS",3977
"53069","WA",3978
"38019","ND",3993
"32029","NV",4010
"48319","TX",4012
"19003","IA",4029
"13101","GA",4034
"27077","MN",4045
"46031","SD",4050
"46045","SD",4071
"53013","WA",4078
"48095","TX",4087
"27125","MN",4089
"48435","TX",4128
"29103","MO",4131
"38045","ND",4139
"48197","TX",4139
"40045","OK",4151
"38085","ND",4153
"38103","ND",4207
"30061","MT",4223
"55078","WI",4232
"30071","MT",4253
"08027","CO",4255
"20081","KS",4256
"31175","NE",4260
"46053","SD",4271
"16071","ID",4286
"17069","IL",4320
"38069","ND",4357
"46039","SD",4364
"16037","ID",4368
"48103","TX",4375
"37177","NC",4407
"55037","WI",4423
"29197","MO",4431
"08091","CO",4436
"20185","KS",4437
"08095","CO",4442
"17151","IL",4470
"31129","NE",4500
"40053","OK",4527
"30065","MT",4538
"35059","NM",4549
"27069","MN",4552
"20119","KS",4575
"48267","TX",4607
"46091","SD",4656
"35019","NM",4687
"51017","VA",4731
"21189","KY",4755
"32021","NV",4772
"48317","TX",4799
"40043","OK",4810
"56017","WY",4812
"08121","CO",4814
"36041","NY",4836
"29199","MO",4843
"02070","AK",4847
"20007","KS",4861
"35033","NM",4881
"35023","NM",4894
"21105","KY",4902
"29087","MO",4912
"28125","MS",4916
"20171","KS",4936
"48333","TX",4936
"31065","NE",4959
"29171","MO",4979
"20157","KS",4980
"13249","GA",5010
"31123","NE",5042
"47137","TN",5077
"42023","PA",5085
"17013","IL",5089
"21039","KY",5104
"19159","IA",5131
"46077","SD",5148
"49017","UT",5172
"27031","MN",5176
"20163","KS",5181
"51045","VA",5190
"16063","ID",5208
"31097","NE",5217
"31169","NE",5228
"48119","TX",5231
"22107","LA",5252
"46015","SD",5255
"27011","MN",5269
"38021","ND",5289
"48247","TX",5300
"46041","SD",5301
"30101","MT",5324
"32017","NV",5345
"17171","IL",5355
"05013","AR",5368
"38049","ND",5395
"31143","NE",5406
"48483","TX",5410
"27087","MN",5413
"46129","SD",5438
"08047","CO",5441
"38073","ND",5457
"08073","CO",5467
"31161","NE",5469
"31011","NE",5505
"47175","TN",5548
"02198","AK",5559
"02016","AK",5561
"02290","AK",5588
"17059","IL",5589
"30007","MT",5612
"48195","TX",5613
"46087","SD",5618
"40007","OK",5636
"20147","KS",5642
"40003","OK",5642
"46123","SD",5644
"20137","KS",5671
"29005","MO",5685
"46037","SD",5710
"31031","NE",5713
"54105","WV",5717
"20189","KS",5724
"32015","NV",5775
"20201","KS",5799
"37095","NC",5810
"30015","MT",5813
"08025","CO",5823
"13301","GA",5834
"31059","NE",5890
"27081","MN",5896
"48207","TX",5899
"46057","SD",5903
"48305","TX",5915
"55051","WI",5916
"20127","KS",5923
"40029","OK",5925
"51595","VA",5927
"51580","VA",5961
"16007","ID",5986
"17175","IL",5994
"31051","NE",6000
"17155","IL",6006
"20069","KS",6006
"20181","KS",6010
"27051","MN",6018
"20077","KS",6034
"13259","GA",6058
"48107","TX",6059
"48205","TX",6062
"30099","MT",6073
"20143","KS",6091
"08109","CO",6108
"19009","IA",6119
"13201","GA",6125
"18115","IN",6128
"31167","NE",6129
"48411","TX",6131
"30073","MT",6153
"17153","IL",6161
"48065","TX",6182
"40033","OK",6193
"51515","VA",6222
"40055","OK",6239
"29035","MO",6265
"31093","NE",6274
"21165","KY",6306
"50009","VT",6306
"19173","IA",6317
"38053","ND",6360
"47127","TN",6362
"20123","KS",6373
"29205","MO",6373
"19185","IA",6403
"46115","SD",6415
"42113","PA",6428
"38009","ND",6429
"48153","TX",6446
"48169","TX",6461
"19143","IA",6462
"40067","OK",6472
"46101","SD",6486
"31099","NE",6489
"30005","MT",6491
"20053","KS",6497
"08011","CO",6499
"31035","NE",6542
"27167","MN",6576
"49001","UT",6629
"26095","MI",6631
"51530","VA",6650
"38005","ND",6660
"08103","CO",6666
"31003","NE",6685
"20073","KS",6689
"13037","GA",6694
"29179","MO",6696
"48111","TX",6703
"08055","CO",6711
"29211","MO",6714
"17047","IL",6721
"29075","MO",6738
"32027","NV",6753
"26131","MI",6780
"13065","GA",6798
"21075","KY",6813
"47067","TN",6819
"51021","VA",6824
"22023","LA",6839
"27107","MN",6852
"21057","KY",6856
"31021","NE",6858
"13263","GA",6865
"13283","GA",6885
"48283","TX",6886
"17009","IL",6937
"31173","NE",6940
"51097","VA",6945
"16029","ID",6963
"20167","KS",6970
"50013","VT",6970
"20145","KS",6973
"41063","OR",7008
"30077","MT",7027
"16015","ID",7028
"02240","AK",7029
"48075","TX",7041
"51640","VA",7042
"51678","VA",7042
"20197","KS",7053
"51181","VA",7058
"46009","SD",7070
"56011","WY",7083
"19093","IA",7089
"46047","SD",7094
"48495","TX",7110
"49025","UT",7125
"21181","KY",7135
"29045","MO",7139
"54093","WV",7141
"48017","TX",7165
"56045","WY",7208
"48175","TX",7210
"48047","TX",7223
"31127","NE",7248
"51036","VA",7256
"27073","MN",7259
"05147","AR",7260
"31139","NE",7266
"08065","CO",7310
"19151","IA",7310
"17071","IL",7331
"46067","SD",7343
"21237","KY",7355
"46051","SD",7356
"08113","CO",7359
"30105","MT",7369
"51157","VA",7373
"48391","TX",7383
"38067","ND",7413
"13309","GA",7421
"41025","OR",7422
"19071","IA",7441
"41023","OR",7445
"02270","AK",7459
"55091","WI",7469
"18161","IN",7516
"02188","AK",7523
"40093","OK",7527
"17169","IL",7544
"31095","NE",7547
"53019","WA",7551
"19177","IA",7570
"19195","IA",7598
"54073","WV",7605
"54013","WV",7627
"05073","AR",7645
"38061","ND",7673
"19001","IA",7682
"30057","MT",7691
"54071","WV",7695
"42053","PA",7716
"13243","GA",7719
"28063","MS",7726
"22035","LA",7759
"16077","ID",7817
"48377","TX",7818
"20067","KS",7829
"29041","MO",7831
"47095","TN",7832
"31121","NE",7845
"21063","KY",7852
"48437","TX",7854
"20095","KS",7858
"47027","TN",7861
"47169","TN",7870
"48501","TX",7879
"29057","MO",7883
"21129","KY",7887
"41037","OR",7895
"20193","KS",7900
"47135","TN",7915
"16059","ID",7936
"20043","KS",7945
"19135","IA",7970
"40141","OK",7992
"13181","GA",7996
"48069","TX",8062
"20003","KS",8102
"05039","AR",8116
"28037","MS",8118
"38097","ND",8121
"05095","AR",8149
"05129","AR",8195
"54017","WV",8202
"46033","SD",8216
"28119","MS",8223
"17003","IL",8238
"21007","KY",8249
"08021","CO",8256
"08063","CO",8270
"48307","TX",8283
"21143","KY",8314
"05101","AR",8330
"13165","GA",8340
"46125","SD",8347
"31147","NE",8363
"12077","FL",8365
"31101","NE",8368
"13003","GA",8375
"31023","NE",8395
"38057","ND",8424
"47083","TN",8426
"29061","MO",8433
"04011","AZ",8437
"29203","MO",8441
"17065","IL",8457
"19053","IA",8457
"26153","MI",8485
"21023","KY",8488
"48425","TX",8490
"18171","IN",8508
"48193","TX",8517
"56043","WY",8533
"20027","KS",8535
"28019","MS",8547
"21091","KY",8565
"56019","WY",8569
"51620","VA",8582
"21077","KY",8589
"20031","KS",8601
"26135","MI",8640
"56031","WY",8667
"05025","AR",8689
"54021","WV",8693
"27029","MN",8695
"31107","NE",8701
"05117","AR",8715
"54075","WV",8719
"27101","MN",8725
"13253","GA",8729
"28009","MS",8729
"13197","GA",8742
"19051","IA",8753
"16035","ID",8761
"21223","KY",8809
"29137","MO",8840
"31027","NE",8852
"18007","IN",8854
"26013","MI",8860
"37075","NC",8861
"48405","TX",8865
"12067","FL",8870
"40151","OK",8878
"02220","AK",8881
"48083","TX",8895
"19117","IA",8898
"13269","GA",8906
"13287","GA",8930
"29081","MO",8957
"38055","ND",8962
"30021","MT",8966
"51115","VA",8978
"05099","AR",8997
"13289","GA",9023
"35037","NM",9041
"48237","TX",9044
"01063","AL",9045
"48009","TX",9054
"08019","CO",9088
"22081","LA",9091
"30095","MT",9117
"13209","GA",9123
"31081","NE",9124
"46023","SD",9129
"31039","NE",9139
"54101","WV",9154
"29125","MO",9176
"31045","NE",9182
"31137","NE",9188
"54095","WV",9208
"49019","UT",9225
"48043","TX",9232
"30087","MT",9233
"19133","IA",9243
"30001","MT",9246
"51159","VA",9254
"13315","GA",9255
"16009","ID",9285
"19039","IA",9286
"29033","MO",9295
"30023","MT",9298
"55041","WI",9304
"13273","GA",9315
"21055","KY",9315
"19073","IA",9336
"28053","MS",9375
"54015","WV",9386
"48335","TX",9403
"20205","KS",9409
"19147","IA",9421
"40085","OK",9423
"29025","MO",9424
"13141","GA",9429
"02185","AK",9430
"27089","MN",9439
"40075","OK",9446
"49029","UT",9469
"05097","AR",9487
"02180","AK",9492
"21139","KY",9519
"21149","KY",9531
"20029","KS",9533
"13155","GA",9538
"13319","GA",9563
"19089","IA",9566
"31179","NE",9595
"27117","MN",9596
"26003","MI",9601
"28021","MS",9604
"46121","SD",9612
"29085","MO",9627
"48429","TX",9630
"02261","AK",9636
"20107","KS",9656
"20151","KS",9656
"19025","IA",9670
"06049","CA",9686
"27133","MN",9687
"17079","IL",9698
"29153","MO",9723
"27149","MN",9726
"30083","MT",9746
"26119","MI",9765
"27151","MN",9783
"29185","MO",9805
"19091","IA",9815
"16085","ID",9862
"28157","MS",9878
"13167","GA",9980
"37029","NC",9980
"20013","KS",9984
"48127","TX",9996
"31033","NE",9998
"32033","NV",10030
"08125","CO",10043
"51049","VA",10052
"13173","GA",10078
"30009","MT",10078
"20159","KS",10083
"21169","KY",10099
"46019","SD",10110
"20117","KS",10117
"22021","LA",10132
"29089","MO",10144
"46109","SD",10149
"37103","NC",10153
"29173","MO",10167
"16081","ID",10170
"25019","MA",10172
"20131","KS",10178
"16087","ID",10198
"29111","MO",10211
"48357","TX",10223
"45065","SC",10233
"49023","UT",10246
"56035","WY",10247
"28155","MS",10253
"29079","MO",10261
"27063","MN",10266
"48369","TX",10269
"21053","KY",10272
"19063","IA",10302
"18101","IN",10334
"19161","IA",10350
"22025","LA",10407
"45005","SC",10419
"05077","AR",10424
"30085","MT",10425
"31089","NE",10435
"27173","MN",10438
"05105","AR",10445
"54085","WV",10449
"28069","MS",10456
"13281","GA",10471
"48031","TX",10497
"48399","TX",10501
"19107","IA",10511
"31037","NE",10515
"40105","OK",10536
"48315","TX",10546
"53043","WA",10570
"37043","NC",10587
"01105","AL",10591
"13317","GA",10593
"28015","MS",10597
"48159","TX",10605
"18155","IN",10613
"29093","MO",10630
"48475","TX",10658
"19069","IA",10680
"18025","IN",10713
"19137","IA",10740
"48077","TX",10752
"19131","IA",10776
"28143","MS",10778
"21041","KY",10811
"48403","TX",10834
"21187","KY",10841
"19189","IA",10866
"27075","MN",10866
"29149","MO",10881
"01011","AL",10914
"48379","TX",10914
"28097","MS",10925
"31041","NE",10939
"26001","MI",10942
"19077","IA",10954
"40069","OK",10957
"51119","VA",10959
"21171","KY",10963
"16021","ID",10972
"49015","UT",10976
"27121","MN",10995
"13043","GA",10998
"13109","GA",11000
"13099","GA",11008
"17035","IL",11048
"31145","NE",11055
"38003","ND",11066
"53059","WA",11066
"13005","GA",11096
"26097","MI",11113
"38099","ND",11119
"51057","VA",11151
"40077","OK",11154
"37005","NC",11155
"41049","OR",11173
"46079","SD",11200
"22091","LA",11203
"27165","MN",11211
"05127","AR",11233
"21087","KY",11258
"13053","GA",11267
"05109","AR",11291
"01085","AL",11299
"31013","NE",11308
"21131","KY",11310
"19081","IA",11341
"19115","IA",11387
"51103","VA",11391
"30043","MT",11406
"30089","MT",11413
"38071","ND",11451
"05011","AR",11508
"16073","ID",11526
"48297","TX",11531
"01037","AL",11539
"26085","MI",11539
"28103","MS",11545
"12037","FL",11549
"40103","OK",11561
"40127","OK",11572
"19119","IA",11581
"30027","MT",11586
"21011","KY",11591
"22123","LA",11604
"40149","OK",11629
"47087","TN",11638
"56003","WY",11668
"01131","AL",11670
"48507","TX",11677
"27033","MN",11687
"30017","MT",11699
"21229","KY",11717
"47121","TN",11753
"47039","TN",11757
"48131","TX",11782
"05017","AR",11800
"26071","MI",11817
"13149","GA",11834
"54023","WV",11937
"40011","OK",11943
"17185","IL",11947
"08105","CO",11982
"35051","NM",11988
"13235","GA",12010
"19035","IA",12072
"08007","CO",12084
"51183","VA",12087
"22065","LA",12093
"51735","VA",12150
"21061","KY",12161
"47101","TN",12161
"19165","IA",12167
"13049","GA",12171
"40107","OK",12191
"37073","NC",12197
"29123","MO",12226
"29139","MO",12236
"51081","VA",12243
"05049","AR",12245
"28111","MS",12250
"51133","VA",12330
"51610","VA",12332
"29017","MO",12363
"51131","VA",12389
"05137","AR",12394
"48063","TX",12401
"29011","MO",12402
"19037","IA",12439
"27023","MN",12441
"19075","IA",12453
"21219","KY",12460
"28065","MS",12487
"49027","UT",12503
"19175","IA",12534
"08099","CO",12551
"17087","IL",12582
"51037","VA",12586
"21197","KY",12613
"13079","GA",12630
"17123","IL",12640
"48445","TX",12651
"20115","KS",12660
"28161","MS",12678
"21031","KY",12690
"51007","VA",12690
"17129","IL",12705
"29115","MO",12761
"16079","ID",12765
"18009","IN",12766
"40061","OK",12769
"16041","ID",12786
"18125","IN",12845
"48387","TX",12860
"30003","MT",12865
"47007","TN",12876
"12043","FL",12884
"19007","IA",12887
"29063","MO",12892
"51111","VA",12914
"21159","KY",12929
"28077","MS",12929
"48343","TX",12934
"21033","KY",12984
"53051","WA",13001
"05041","AR",13008
"13023","GA",13063
"28005","MS",13131
"37137","NC",13144
"05081","AR",13171
"01035","AL",13228
"37187","NC",13228
"19197","IA",13229
"16043","ID",13242
"56015","WY",13249
"51113","VA",13308
"27071","MN",13311
"47161","TN",13324
"21153","KY",13333
"20001","KS",13371
"26141","MI",13376
"30035","MT",13399
"18131","IN",13402
"39163","OH",13435
"37143","NC",13453
"20085","KS",13462
"02130","AK",13477
"40099","OK",13488
"21109","KY",13494
"54063","WV",13502
"29223","MO",13521
"48487","TX",13535
"48059","TX",13544
"46113","SD",13586
"55011","WI",13587
"02150","AK",13592
"21233","KY",13621
"17017","IL",13642
"48313","TX",13664
"31185","NE",13665
"29067","MO",13684
"05065","AR",13696
"47061","TN",13703
"35007","NM",13750
"01119","AL",13763
"48389","TX",13783
"06105","CA",13786
"05061","AR",13789
"08081","CO",13795
"47015","TN",13801
"17025","IL",13815
"51690","VA",13821
"48115","TX",13833
"56009","WY",13833
"27159","MN",13843
"01023","AL",13859
"46027","SD",13864
"21135","KY",13870
"21025","KY",13878
"29151","MO",13878
"17061","IL",13886
"13159","GA",13900
"01041","AL",13906
"21175","KY",13923
"54089","WV",13927
"27113","MN",13930
"01027","AL",13932
"38079","ND",13937
"19029","IA",13956
"48093","TX",13974
"48279","TX",13977
"37173","NC",13981
"29039","MO",13982
"40063","OK",14003
"48505","TX",14018
"54031","WV",14025
"51043","VA",14034
"51830","VA",14068
"26039","MI",14074
"48239","TX",14075
"17053","IL",14081
"29181","MO",14100
"47153","TN",14112
"05079","AR",14134
"55099","WI",14159
"40005","OK",14182
"21123","KY",14193
"31151","NE",14200
"06051","CA",14202
"18111","IN",14244
"51685","VA",14273
"19005","IA",14330
"13191","GA",14333
"21221","KY",14339
"21069","KY",14348
"22013","LA",14353
"29133","MO",14358
"19141","IA",14398
"46127","SD",14399
"28041","MS",14400
"48351","TX",14445
"13183","GA",14464
"54007","WV",14523
"27043","MN",14553
"01075","AL",14564
"48455","TX",14585
"47033","TN",14586
"13251","GA",14593
"12013","FL",14625
"39111","OH",14642
"39121","OH",14645
"17193","IL",14665
"17125","IL",14666
"21065","KY",14672
"17189","IL",14716
"13193","GA",14740
"49037","UT",14746
"55107","WI",14755
"12065","FL",14761
"48003","TX",14786
"37041","NC",14793
"12047","FL",14799
"48255","TX",14824
"08049","CO",14843
"42057","PA",14845
"17139","IL",14846
"26113","MI",14849
"19023","IA",14867
"21191","KY",14877
"22059","LA",14890
"13221","GA",14899
"13093","GA",14918
"54087","WV",14926
"19085","IA",14928
"28013","MS",14962
"01029","AL",14972
"51011","VA",14973
"21225","KY",15007
"55007","WI",15014
"51125","VA",15020
"40035","OK",15029
"40073","OK",15034
"39115","OH",15054
"19129","IA",15059
"13161","GA",15068
"20011","KS",15173
"45017","SC",15175
"29117","MO",15195
"40023","OK",15205
"48353","TX",15216
"29073","MO",15222
"27143","MN",15226
"18013","IN",15242
"51063","VA",15279
"22127","LA",15313
"08051","CO",15324
"28135","MS",15378
"17015","IL",15387
"55077","WI",15404
"21103","KY",15416
"17127","IL",15429
"28147","MS",15443
"08003","CO",15445
"55013","WI",15457
"16047","ID",15464
"08071","CO",15507
"48371","TX",15507
"51077","VA",15533
"12125","FL",15535
"19109","IA",15543
"29121","MO",15566
"37121","NC",15579
"29135","MO",15607
"22125","LA",15625
"27135","MN",15629
"30067","MT",15636
"29065","MO",15657
"19079","IA",15673
"19121","IA",15679
"05087","AR",15717
"27129","MN",15730
"31131","NE",15740
"01065","AL",15760
"53055","WA",15769
"40095","OK",15840
"51135","VA",15853
"21127","KY",15860
"12045","FL",15863
"39067","OH",15864
"56007","WY",15885
"26011","MI",15899
"51051","VA",15903
"55129","WI",15911
"19145","IA",15932
"51101","VA",15935
"18159","IN",15936
"21045","KY",15955
"45009","SC",15987
"13133","GA",15994
"27127","MN",16059
"05021","AR",16083
"30041","MT",16096
"41001","OR",16134
"55003","WI",16157
"27001","MN",16202
"08093","CO",16206
"18165","IN",16212
"17159","IL",16233
"27065","MN",16239
"13027","GA",16243
"51005","VA",16250
"16049","ID",16267
"22049","LA",16274
"13241","GA",16276
"20139","KS",16295
"19067","IA",16303
"38077","ND",16321
"17023","IL",16335
"21119","KY",16346
"19095","IA",16355
"54041","WV",16372
"35057","NM",16383
"51750","VA",16408
"12029","FL",16422
"26053","MI",16427
"17149","IL",16430
"17131","IL",16434
"47005","TN",16489
"28129","MS",16491
"13271","GA",16500
"20133","KS",16512
"32013","NV",16528
"25007","MA",16535
"55113","WI",16557
"17039","IL",16561
"40117","OK",16577
"54103","WV",16583
"54001","WV",16589
"48287","TX",16612
"48395","TX",16622
"13083","GA",16633
"55023","WI",16644
"05089","AR",16653
"19041","IA",16667
"19059","IA",16667
"16045","ID",16719
"17147","IL",16729
"28023","MS",16732
"31159","NE",16750
"17191","IL",16760
"29059","MO",16777
"48289","TX",16801
"47139","TN",16825
"17101","IL",16833
"55065","WI",16836
"19101","IA",16843
"54091","WV",16895
"21079","KY",16912
"48415","TX",16921
"20005","KS",16924
"13163","GA",16930
"12041","FL",16939
"02050","AK",17013
"47181","TN",17021
"46065","SD",17022
"29013","MO",17049
"21203","KY",17056
"05133","AR",17058
"21215","KY",17061
"28061","MS",17062
"19047","IA",17096
"47023","TN",17131
"51029","VA",17146
"08097","CO",17148
"26079","MI",17153
"48051","TX",17187
"22027","LA",17195
"13075","GA",17212
"48163","TX",17217
"18045","IN",17240
"01057","AL",17241
"05135","AR",17264
"51071","VA",17286
"29003","MO",17291
"05141","AR",17295
"01067","AL",17302
"21213","KY",17327
"18121","IN",17339
"18139","IN",17392
"28017","MS",17392
"46005","SD",17398
"51570","VA",17411
"05075","AR",17415
"51025","VA",17434
"51193","VA",17454
"42105","PA",17457
"21161","KY",17490
"26019","MI",17525
"48165","TX",17526
"19083","IA",17534
"23021","ME",17535
"54065","WV",17541
"21207","KY",17565
"01129","AL",17581
"29053","MO",17601
"13017","GA",17634
"17187","IL",17707
"19055","IA",17764
"19171","IA",17767
"17005","IL",17768
"28131","MS",17786
"37011","NC",17797
"17181","IL",17808
"08015","CO",17809
"37199","NC",17818
"51520","VA",17835
"05053","AR",17853
"35053","NM",17866
"48145","TX",17866
"13211","GA",17868
"13231","GA",17869
"05037","AR",17870
"35028","NM",17950
"47049","TN",17959
"05121","AR",17969
"05067","AR",17997
"55103","WI",18021
"56023","WY",18106
"05047","AR",18125
"19043","IA",18129
"29186","MO",18145
"21099","KY",18199
"48035","TX",18212
"13001","GA",18236
"47091","TN",18244
"06043","CA",18251
"42093","PA",18267
"29155","MO",18296
"21147","KY",18306
"47171","TN",18313
"13171","GA",18317
"36097","NY",18343
"13011","GA",18395
"51079","VA",18403
"13025","GA",18411
"51127","VA",18429
"51141","VA",18490
"19031","IA",18499
"05043","AR",18509
"29163","MO",18516
"47085","TN",18538
"06027","CA",18546
"48503","TX",18550
"51175","VA",18570
"17045","IL",18576
"48133","TX",18583
"49013","UT",18607
"21001","KY",18656
"47041","TN",18723
"53001","WA",18728
"13229","GA",18758
"47075","TN",18787
"29229","MO",18815
"08089","CO",18831
"21097","KY",18846
"19157","IA",18914
"29143","MO",18956
"29157","MO",18971
"05001","AR",19019
"27055","MN",19027
"55047","WI",19051
"29015","MO",19056
"17067","IL",19104
"47173","TN",19109
"20087","KS",19126
"27161","MN",19136
"47159","TN",19166
"28051","MS",19198
"28159","MS",19198
"45061","SC",19220
"12079","FL",19224
"48285","TX",19263
"13019","GA",19286
"48299","TX",19301
"18123","IN",19338
"48117","TX",19372
"46035","SD",19504
"28007","MS",19564
"28031","MS",19568
"28141","MS",19593
"39125","OH",19614
"48281","TX",19677
"30053","MT",19687
"48337","TX",19719
"01107","AL",19746
"20041","KS",19754
"48177","TX",19807
"48161","TX",19816
"17033","IL",19817
"21155","KY",19820
"18117","IN",19840
"35041","NM",19846
"19097","IA",19848
"45081","SC",19875
"12059","FL",19927
"21003","KY",19956
"55067","WI",19977
"17041","IL",19980
"21017","KY",19985
"06063","CA",20007
"21027","KY",20059
"16067","ID",20069
"40153","OK",20081
"27039","MN",20087
"48123","TX",20097
"19087","IA",20145
"18015","IN",20155
"13105","GA",20166
"24029","MD",20197
"48253","TX",20202
"31177","NE",20234
"40091","OK",20252
"19021","IA",20260
"22037","LA",20267
"53039","WA",20318
"27057","MN",20428
"55053","WI",20449
"48019","TX",20485
"04012","AZ",20489
"35027","NM",20497
"37149","NC",20510
"29141","MO",20565
"55061","WI",20574
"28025","MS",20634
"19105","IA",20638
"40139","OK",20640
"05113","AR",20662
"55119","WI",20689
"22083","LA",20725
"29049","MO",20743
"28153","MS",20747
"37115","NC",20764
"22041","LA",20767
"31155","NE",20780
"49041","UT",20802
"21231","KY",20813
"19027","IA",20816
"22029","LA",20822
"18049","IN",20836
"27091","MN",20840
"27045","MN",20866
"48089","TX",20874
"55001","WI",20875
"19065","IA",20880
"53049","WA",20920
"01013","AL",20947
"18147","IN",20952
"19019","IA",20958
"37185","NC",20972
"41013","OR",20978
"31043","NE",21006
"51820","VA",21006
"01091","AL",21027
"19191","IA",21056
"45049","SC",21090
"38093","ND",21100
"56041","WY",21118
"29217","MO",21159
"13303","GA",21187
"13237","GA",21218
"18075","IN",21253
"05029","AR",21273
"37015","NC",21282
"56039","WY",21294
"21167","KY",21331
"13291","GA",21356
"37079","NC",21362
"16013","ID",21376
"27105","MN",21378
"48057","TX",21381
"49007","UT",21403
"06011","CA",21419
"21005","KY",21421
"55125","WI",21430
"01087","AL",21452
"18153","IN",21475
"18119","IN",21575
"20021","KS",21603
"20149","KS",21604
"20099","KS",21607
"53003","WA",21623
"27157","MN",21676
"13321","GA",21679
"26129","MI",21699
"19183","IA",21704
"26089","MI",21708
"51075","VA",21717
"28101","MS",21720
"41031","OR",21720
"54043","WV",21720
"21051","KY",21730
"05107","AR",21757
"48457","TX",21766
"13091","GA",21796
"05003","AR",21853
"13189","GA",21875
"48341","TX",21904
"28043","MS",21906
"47129","TN",21987
"13199","GA",21992
"47133","TN",22083
"13119","GA",22084
"37131","NC",22099
"22093","LA",22102
"54047","WV",22113
"40009","OK",22119
"48489","TX",22134
"17051","IL",22140
"48233","TX",22150
"05149","AR",22185
"47151","TN",22228
"28139","MS",22232
"47111","TN",22248
"29083","MO",22272
"51163","VA",22307
"22043","LA",22309
"31067","NE",22311
"13085","GA",22330
"41027","OR",22346
"17145","IL",22350
"05083","AR",22353
"17173","IL",22363
"41015","OR",22364
"16053","ID",22374
"19123","IA",22381
"38105","ND",22398
"46135","SD",22438
"48179","TX",22535
"51600","VA",22565
"12123","FL",22570
"28039","MS",22578
"51670","VA",22591
"13107","GA",22598
"05057","AR",22609
"39175","OH",22615
"45011","SC",22621
"16075","ID",22623
"47057","TN",22657
"17085","IL",22678
"40001","OK",22683
"08075","CO",22709
"22111","LA",22721
"22077","LA",22802
"01111","AL",22913
"01007","AL",22915
"48219","TX",22935
"16031","ID",22952
"20175","KS",22952
"17083","IL",22985
"05019","AR",22995
"22075","LA",23042
"01099","AL",23068
"29119","MO",23083
"08039","CO",23086
"18047","IN",23087
"48007","TX",23158
"51169","VA",23177
"27093","MN",23300
"13033","GA",23316
"21205","KY",23333
"08119","CO",23350
"21115","KY",23356
"18149","IN",23363
"51147","VA",23368
"29147","MO",23370
"29195","MO",23370
"48293","TX",23384
"28057","MS",23401
"22007","LA",23421
"13081","GA",23439
"29177","MO",23494
"13205","GA",23498
"08107","CO",23509
"26133","MI",23528
"49051","UT",23530
"37053","NC",23547
"26009","MI",23580
"51099","VA",23584
"13035","GA",23655
"13111","GA",23682
"55049","WI",23687
"37033","NC",23719
"48225","TX",23732
"51790","VA",23746
"39105","OH",23770
"22121","LA",23788
"48365","TX",23796
"54109","WV",23796
"28079","MS",23805
"21183","KY",23842
"45039","SC",23956
"54027","WV",23964
"26109","MI",24029
"51139","VA",24042
"54009","WV",24069
"46081","SD",24097
"51027","VA",24098
"20191","KS",24132
"26137","MI",24164
"18143","IN",24181
"38089","ND",24199
"22085","LA",24233
"54097","WV",24254
"19017","IA",24276
"18041","IN",24277
"51630","VA",24286
"31047","NE",24326
"26143","MI",24449
"50015","VT",24475
"01133","AL",24484
"55137","WI",24496
"37117","NC",24505
"21217","KY",24512
"21133","KY",24519
"05027","AR",24552
"48149","TX",24554
"05111","AR",24583
"54005","WV",24629
"42067","PA",24636
"18181","IN",24643
"21081","KY",24662
"37091","NC",24669
"47081","TN",24690
"29055","MO",24696
"26101","MI",24733
"21137","KY",24742
"29131","MO",24748
"48331","TX",24757
"45053","SC",24777
"51775","VA",24802
"48171","TX",24837
"32001","NV",24877
"27153","MN",24895
"12133","FL",24896
"17165","IL",24913
"21239","KY",24939
"19149","IA",24986
"13131","GA",25011
"35029","NM",25095
"29221","MO",25195
"13147","GA",25213
"41065","OR",25213
"31025","NE",25241
"41057","OR",25250
"28117","MS",25276
"36123","NY",25348
"29175","MO",25414
"45001","SC",25417
"46093","SD",25434
"48419","TX",25448
"40133","OK",25482
"13267","GA",25520
"29007","MO",25529
"08083","CO",25535
"05071","AR",25540
"51105","VA",25587
"29001","MO",25607
"51065","VA",25691
"26051","MI",25692
"18031","IN",25740
"21085","KY",25746
"41061","OR",25748
"22003","LA",25764
"01025","AL",25833
"47185","TN",25841
"27083","MN",25857
"26069","MI",25887
"27015","MN",25893
"18129","IN",25910
"26029","MI",25949
"05023","AR",25970
"01019","AL",25989
"20059","KS",25992
"29215","MO",26008
"13055","GA",26015
"47071","TN",26026
"47109","TN",26075
"19011","IA",26076
"27095","MN",26097
"05103","AR",26120
"16051","ID",26140
"28027","MS",26151
"26031","MI",26152
"26043","MI",26168
"18135","IN",26171
"13257","GA",26175
"51840","VA",26203
"54067","WV",26233
"19015","IA",26306
"48407","TX",26384
"48463","TX",26405
"13207","GA",26424
"40065","OK",26446
"24039","MD",26470
"21173","KY",26499
"26127","MI",26570
"48185","TX",26604
"22031","LA",26656
"55057","WI",26664
"01061","AL",26790
"21141","KY",26835
"54059","WV",26839
"18021","IN",26890
"37007","NC",26948
"45037","SC",26985
"16039","ID",27038
"36049","NY",27087
"28091","MS",27088
"12003","FL",27115
"28145","MS",27134
"13311","GA",27144
"13293","GA",27153
"35006","NM",27213
"13279","GA",27223
"46029","SD",27227
"50019","VT",27231
"47069","TN",27253
"37009","NC",27281
"54053","WV",27324
"37039","NC",27444
"05015","AR",27446
"01005","AL",27457
"40039","OK",27469
"38059","ND",27471
"28127","MS",27503
"40049","OK",27576
"18179","IN",27636
"20009","KS",27674
"13225","GA",27695
"27079","MN",27703
"21043","KY",27720
"12049","FL",27731
"47077","TN",27769
"55029","WI",27785
"37123","NC",27798
"47097","TN",27815
"49039","UT",27822
"13087","GA",27842
"22067","LA",27979
"08117","CO",27994
"51053","VA",28001
"51145","VA",28046
"28163","MS",28065
"48363","TX",28111
"13195","GA",28120
"06021","CA",28122
"08087","CO",28159
"56029","WY",28205
"54057","WV",28212
"39069","OH",28215
"47115","TN",28237
"05123","AR",28258
"18175","IN",28262
"28123","MS",28264
"42131","PA",28276
"13123","GA",28292
"13177","GA",28298
"48015","TX",28417
"21021","KY",28432
"20051","KS",28452
"12007","FL",28520
"47017","TN",28522
"18079","IN",28525
"51033","VA",28545
"39001","OH",28550
"27021","MN",28567
"21163","KY",28602
"06015","CA",28610
"13169","GA",28669
"21013","KY",28691
"26105","MI",28705
"39131","OH",28709
"21193","KY",28712
"55069","WI",28743
"39161","OH",28744
"30047","MT",28746
"13143","GA",28780
"29127","MO",28781
"55121","WI",28816
"18137","IN",28818
"39019","OH",28836
"28137","MS",28886
"51167","VA",28897
"45069","SC",28933
"50017","VT",28936
"45087","SC",28961
"39047","OH",29030
"56033","WY",29116
"20113","KS",29180
"54035","WV",29211
"51197","VA",29235
"21095","KY",29278
"39073","OH",29380
"35047","NM",29393
"54083","WV",29405
"13227","GA",29431
"28029","MS",29449
"28133","MS",29450
"47055","TN",29485
"35017","NM",29514
"26007","MI",29598
"40015","OK",29600
"28099","MS",29676
"17075","IL",29718
"27115","MN",29750
"55123","WI",29773
"53031","WA",29872
"28115","MS",29957
"13187","GA",29966
"29207","MO",29968
"51035","VA",30042
"24023","MD",30097
"13305","GA",30099
"17135","IL",30104
"13029","GA",30233
"17107","IL",30305
"48067","TX",30464
"47117","TN",30617
"54029","WV",30676
"23007","ME",30768
"01093","AL",30776
"12129","FL",30776
"26035","MI",30926
"39053","OH",30934
"08029","CO",30952
"29167","MO",31137
"50005","VT",31227
"27047","MN",31255
"02110","AK",31275
"41045","OR",31313
"31001","NE",31364
"21157","KY",31448
"21177","KY",31499
"22053","LA",31594
"27119","MN",31600
"18027","IN",31648
"01059","AL",31704
"47131","TN",31807
"47143","TN",31809
"40115","OK",31848
"48025","TX",31861
"21121","KY",31883
"42047","PA",31946
"29069","MO",31953
"46011","SD",31965
"13145","GA",32024
"39065","OH",32058
"48273","TX",32061
"45033","SC",32062
"29209","MO",32202
"51173","VA",32208
"47025","TN",32213
"31141","NE",32237
"28001","MS",32297
"28083","MS",32317
"47079","TN",32330
"48449","TX",32334
"51009","VA",32353
"51730","VA",32420
"18077","IN",32428
"27005","MN",32504
"29219","MO",32513
"49047","UT",32588
"17109","IL",32612
"24019","MD",32618
"26047","MI",32694
"27103","MN",32727
"51117","VA",32727
"26165","MI",32735
"36095","NY",32749
"20121","KS",32787
"13219","GA",32808
"13261","GA",32819
"23029","ME",32856
"18169","IN",32888
"01109","AL",32899
"05059","AR",32923
"35055","NM",32937
"17133","IL",32957
"33007","NH",33055
"45067","SC",33062
"24011","MD",33066
"37175","NC",33090
"54051","WV",33107
"26063","MI",33118
"45023","SC",33140
"51023","VA",33148
"40089","OK",33151
"51109","VA",33153
"51001","VA",33164
"18055","IN",33165
"27097","MN",33198
"18023","IN",33224
"39079","OH",33225
"18183","IN",33292
"19125","IA",33309
"47103","TN",33361
"29107","MO",33381
"22047","LA",33387
"48259","TX",33410
"17157","IL",33476
"18073","IN",33478
"51137","VA",33481
"18051","IN",33503
"54077","WV",33520
"20111","KS",33690
"19167","IA",33704
"48477","TX",33718
"20057","KS",33848
"48147","TX",33915
"37055","NC",33920
"37113","NC",33922
"22039","LA",33984
"28011","MS",34145
"18151","IN",34185
"30093","MT",34200
"01017","AL",34215
"17049","IL",34242
"40081","OK",34273
"01079","AL",34339
"20061","KS",34362
"18001","IN",34387
"45089","SC",34423
"23015","ME",34457
"39137","OH",34499
"40087","OK",34506
"20079","KS",34684
"55019","WI",34690
"28107","MS",34707
"17021","IL",34800
"39117","OH",34827
"12027","FL",34862
"28085","MS",34869
"51155","VA",34872
"31119","NE",34876
"06035","CA",34895
"45027","SC",34971
"17011","IL",34978
"48227","TX",35012
"47183","TN",35021
"48217","TX",35089
"48071","TX",35096
"48223","TX",35161
"37017","NC",35190
"36099","NY",35251
"51093","VA",35270
"23023","ME",35293
"27017","MN",35386
"20125","KS",35471
"54025","WV",35480
"17137","IL",35547
"29105","MO",35571
"29009","MO",35597
"21049","KY",35613
"19179","IA",35625
"21235","KY",35637
"22011","LA",35654
"47029","TN",35662
"48241","TX",35710
"51149","VA",35725
"19111","IA",35862
"22087","LA",35897
"55085","WI",35998
"27041","MN",36009
"17103","IL",36031
"39127","OH",36058
"37165","NC",36157
"29225","MO",36202
"51083","VA",36241
"48189","TX",36273
"31111","NE",36288
"56001","WY",36299
"20035","KS",36311
"13299","GA",36312
"49043","UT",36324
"46013","SD",36531
"27147","MN",36576
"26061","MI",36628
"05063","AR",36647
"27085","MN",36651
"31053","NE",36691
"48321","TX",36702
"54045","WV",36743
"20055","KS",36776
"50001","VT",36821
"19099","IA",36842
"55045","WI",36842
"51073","VA",36858
"39031","OH",36901
"05009","AR",36903
"18103","IN",36903
"21089","KY",36910
"31157","NE",36970
"28095","MS",36989
"41007","OR",37039
"28003","MS",37057
"17057","IL",37069
"26041","MI",37069
"21083","KY",37121
"18069","IN",37124
"50003","VT",37125
"18087","IN",37128
"28093","MS",37144
"21035","KY",37191
"37003","NC",37198
"04009","AZ",37220
"16057","ID",37244
"40123","OK",37492
"45071","SC",37508
"16065","ID",37536
"51187","VA",37575
"39171","OH",37642
"55083","WI",37660
"17027","IL",37762
"01039","AL",37765
"24041","MD",37782
"27059","MN",37816
"51683","VA",37821
"48143","TX",37890
"18133","IN",37963
"19187","IA",38013
"48055","TX",38066
"06005","CA",38091
"48049","TX",38106
"18107","IN",38124
"01053","AL",38319
"47045","TN",38335
"37197","NC",38406
"47047","TN",38413
"53017","WA",38431
"48097","TX",38437
"18083","IN",38440
"27009","MN",38451
"26033","MI",38520
"29109","MO",38634
"17203","IL",38664
"42059","PA",38686
"23027","ME",38786
"17081","IL",38827
"45029","SC",38892
"17105","IL",38950
"18017","IN",38966
"39039","OH",39037
"47021","TN",39105
"20037","KS",39134
"12051","FL",39140
"27099","MN",39163
"29201","MO",39191
"42035","PA",39238
"16069","ID",39265
"48459","TX",39309
"18061","IN",39364
"36031","NY",39370
"17121","IL",39437
"21071","KY",39451
"37145","NC",39464
"17055","IL",39561
"22069","LA",39566
"13213","GA",39628
"42109","PA",39702
"23013","ME",39736
"47177","TN",39839
"42031","PA",39988
"12093","FL",39996
"40111","OK",40069
"39059","OH",40087
"39021","OH",40097
"13277","GA",40118
"56013","WY",40123
"30081","MT",40212
"35039","NM",40246
"37099","NC",40271
"19057","IA",40325
"29091","MO",40400
"28113","MS",40404
"19127","IA",40648
"37139","NC",40661
"47013","TN",40716
"12075","FL",40801
"39107","OH",40814
"48249","TX",40838
"16017","ID",40877
"53037","WA",40915
"55093","WI",41019
"47051","TN",41052
"53047","WA",41120
"22119","LA",41207
"37059","NC",41240
"40097","OK",41259
"08085","CO",41276
"48481","TX",41280
"39123","OH",41428
"51195","VA",41452
"13233","GA",41475
"40041","OK",41487
"05005","AR",41513
"12121","FL",41551
"01123","AL",41616
"05139","AR",41639
"55075","WI",41749
"42123","PA",41815
"40083","OK",41848
"47099","TN",41869
"18037","IN",41889
"55115","WI",41949
"48499","TX",41964
"42117","PA",41981
"51171","VA",41993
"39027","OH",42040
"22009","LA",42073
"21211","KY",42074
"05055","AR",42090
"36121","NY",42155
"21009","KY",42173
"29159","MO",42201
"18033","IN",42223
"27067","MN",42239
"39135","OH",42270
"13069","GA",42356
"39075","OH",42366
"18071","IN",42376
"40135","OK",42391
"40013","OK",42416
"26057","MI",42476
"54099","WV",42481
"39051","OH",42698
"19139","IA",42745
"48053","TX",42750
"29023","MO",42794
"26107","MI",42798
"36073","NY",42883
"48493","TX",42918
"13137","GA",43041
"51590","VA",43055
"26151","MI",43114
"48473","TX",43205
"42115","PA",43356
"39097","OH",43435
"21179","KY",43437
"42083","PA",43450
"05091","AR",43462
"51540","VA",43475
"53065","WA",43531
"39071","OH",43589
"01021","AL",43643
"33019","NH",43742
"39033","OH",43784
"56037","WY",43806
"01047","AL",43820
"55033","WI",43857
"28045","MS",43929
"32023","NV",43946
"29029","MO",44002
"19033","IA",44151
"55031","WI",44159
"55095","WI",44205
"29027","MO",44332
"18145","IN",44436
"27007","MN",44442
"54069","WV",44443
"50025","VT",44513
"47123","TN",44519
"55081","WI",44673
"13275","GA",44720
"53075","WA",44776
"46083","SD",44828
"39015","OH",44846
"06093","CA",44900
"48013","TX",44911
"42119","PA",44947
"37111","NC",44996
"40137","OK",45048
"27061","MN",45058
"47003","TN",45058
"51185","VA",45078
"29161","MO",45156
"42065","PA",45200
"26023","MI",45248
"48373","TX",45413
"37181","NC",45422
"13071","GA",45498
"06009","CA",45578
"16011","ID",45607
"13009","GA",45720
"40121","OK",45837
"39091","OH",45858
"55005","WI",45870
"42061","PA",45913
"22095","LA",45924
"39011","OH",45949
"42099","PA",45969
"48325","TX",46006
"41041","OR",46034
"54019","WV",46039
"31019","NE",46102
"56005","WY",46133
"18093","IN",46134
"49021","UT",46163
"27049","MN",46183
"19181","IA",46225
"21101","KY",46250
"12039","FL",46389
"05093","AR",46480
"40071","OK",46562
"37153","NC",46639
"42087","PA",46682
"26059","MI",46688
"51047","VA",46689
"45025","SC",46734
"22061","LA",46735
"08043","CO",46824
"21107","KY",46920
"37093","NC",46952
"40021","OK",46987
"32005","NV",46997
"18099","IN",47051
"22117","LA",47168
"21209","KY",47173
"28071","MS",47351
"37169","NC",47401
"04023","AZ",47420
"40113","OK",47472
"18113","IN",47536
"40019","OK",47557
"28105","MS",47671
"17177","IL",47711
"48349","TX",47735
"50011","VT",47746
"37013","NC",47759
"17117","IL",47765
"24035","MD",47798
"33003","NH",47818
"36025","NY",47980
"35009","NM",48376
"13175","GA",48434
"26123","MI",48460
"47105","TN",48556
"21113","KY",48586
"28149","MS",48773
"32007","NV",48818
"48465","TX",48879
"51660","VA",48914
"36003","NY",48946
"55015","WI",48971
"19045","IA",49116
"36039","NY",49221
"21073","KY",49285
"36023","NY",49336
"41009","OR",49351
"39149","OH",49423
"18065","IN",49462
"21019","KY",49542
"48265","TX",49625
"47043","TN",49666
"47053","TN",49683
"12063","FL",49746
"42009","PA",49762
"48277","TX",49793
"44001","RI",49875
"01031","AL",49948
"49003","UT",49975
"18029","IN",50047
"17063","IL",50063
"36057","NY",50219
"01045","AL",50251
"40079","OK",50384
"36017","NY",50477
"17073","IL",50486
"13039","GA",50513
"48073","TX",50845
"05035","AR",50902
"40147","OK",50976
"37189","NC",51079
"36107","NY",51125
"28151","MS",51137
"48221","TX",51182
"55043","WI",51208
"08067","CO",51334
"47089","TN",51407
"24047","MD",51454
"27169","MN",51461
"36033","NY",51599
"29213","MO",51675
"32019","NV",51980
"22099","LA",52160
"08037","CO",52197
"37141","NC",52217
"23025","ME",52228
"13103","GA",52250
"47107","TN",52266
"29169","MO",52274
"26027","MI",52293
"39159","OH",52300
"22115","LA",52334
"55135","WI",52410
"40051","OK",52431
"29113","MO",52566
"48467","TX",52579
"29101","MO",52595
"22089","LA",52780
"47031","TN",52796
"42127","PA",52822
"17095","IL",52919
"01113","AL",52947
"39037","OH",52959
"39005","OH",53139
"01071","AL",53227
"48401","TX",53330
"17141","IL",53497
"54037","WV",53498
"04007","AZ",53597
"35015","NM",53829
"17029","IL",53873
"27025","MN",53887
"51089","VA",54151
"17007","IL",54165
"47145","TN",54181
"48323","TX",54258
"23009","ME",54418
"01033","AL",54428
"01001","AL",54571
"48199","TX",54635
"22101","LA",54650
"37083","NC",54691
"51031","VA",54842
"51191","VA",54876
"42121","PA",54984
"12131","FL",55043
"13129","GA",55186
"06069","CA",55269
"32510","NV",55274
"45021","SC",55342
"06109","CA",55365
"02122","AK",55400
"54079","WV",55486
"36035","NY",55531
"20169","KS",55606
"28073","MS",55658
"39129","OH",55698
"26157","MI",55729
"28109","MS",55834
"08014","CO",55889
"47035","TN",56053
"51067","VA",56159
"08045","CO",56389
"54049","WV",56418
"37065","NC",56552
"18011","IN",56640
"50027","VT",56670
"39147","OH",56745
"47073","TN",56833
"55021","WI",56833
"27111","MN",57303
"01009","AL",57322
"42103","PA",57369
"47019","TN",57424
"23017","ME",57833
"37105","NC",57866
"22113","LA",57999
"37047","NC",58098
"29145","MO",58114
"49045","UT",58218
"48001","TX",58458
"17195","IL",58498
"37061","NC",58505
"31079","NE",58607
"53071","WA",58781
"21125","KY",58849
"27027","MN",58999
"37087","NC",59036
"48497","TX",59127
"26015","MI",59173
"37107","NC",59495
"50023","VT",59534
"39077","OH",59626
"18173","IN",59689
"28087","MS",59779
"37077","NC",59916
"36037","NY",60079
"33001","NH",60088
"45043","SC",60158
"17077","IL",60218
"21185","KY",60316
"13157","GA",60485
"40047","OK",60580
"37167","NC",60585
"37069","NC",60619
"53045","WA",60699
"39083","OH",60921
"39143","OH",60944
"48427","TX",60968
"47167","TN",61081
"26149","MI",61295
"50021","VT",61642
"38101","ND",61675
"45055","SC",61697
"05115","AR",61754
"22001","LA",61773
"39167","OH",61778
"05033","AR",61948
"55111","WI",61976
"36077","NY",62259
"54055","WV",62264
"55017","WI",62415
"39087","OH",62450
"27035","MN",62500
"47063","TN",62544
"42015","PA",62622
"41011","OR",63043
"21199","KY",63063
"36021","NY",63096
"36115","NY",63216
"26117","MI",63342
"30049","MT",63395
"37163","NC",63431
"13179","GA",63453
"06103","CA",63463
"37037","NC",63505
"51143","VA",63506
"35035","NM",63797
"26067","MI",63905
"13047","GA",63942
"27013","MN",64013
"13255","GA",64073
"27131","MN",64142
"20155","KS",64511
"36043","NY",64519
"48347","TX",64524
"06033","CA",64665
"35025","NM",64727
"39009","OH",64757
"48409","TX",64804
"21195","KY",65024
"51061","VA",65203
"42025","PA",65249
"29187","MO",65359
"36051","NY",65393
"51199","VA",65464
"21145","KY",65565
"48203","TX",65631
"35005","NM",65645
"36113","NY",65707
"20015","KS",65880
"34033","NJ",66083
"19049","IA",66135
"47147","TN",66283
"17199","IL",66357
"41035","OR",66380
"37031","NC",66469
"39101","OH",66501
"45059","SC",66537
"38035","ND",66861
"51095","VA",67009
"01127","AL",67023
"13285","GA",67044
"26103","MI",67077
"15007","HI",67091
"17001","IL",67103
"42037","PA",67295
"12023","FL",67531
"28067","MS",67761
"37161","NC",67810
"48471","TX",67861
"05085","AR",68356
"51019","VA",68676
"45031","SC",68681
"13295","GA",68756
"47059","TN",68831
"18109","IN",68894
"18177","IN",68917
"42005","PA",68941
"54033","WV",69099
"37193","NC",69340
"13013","GA",69367
"40125","OK",69442
"45047","SC",69661
"39081","OH",69709
"40037","OK",69967
"18059","IN",70002
"55097","WI",70019
"18053","IN",70061
"13031","GA",70217
"26073","MI",70311
"39013","OH",70400
"26155","MI",70648
"40101","OK",70990
"01049","AL",71109
"20161","KS",71115
"25011","MA",71372
"53009","WA",71404
"35031","NM",71492
"04001","AZ",71518
"23003","ME",71870
"06115","CA",72155
"47141","TN",72321
"53007","WA",72453
"53027","WA",72797
"40145","OK",73085
"12087","FL",73090
"22045","LA",73240
"12089","FL",73314
"36053","NY",73442
"37171","NC",73673
"51015","VA",73750
"21047","KY",73955
"48021","TX",74171
"45073","SC",74273
"21029","KY",74319
"12107","FL",74364
"18043","IN",74578
"55141","WI",74749
"39063","OH",74782
"28035","MS",74934
"24001","MD",75087
"47001","TN",75129
"26037","MI",75382
"48099","TX",75388
"41053","OR",75403
"56025","WY",75450
"53041","WA",75455
"51680","VA",75568
"48291","TX",75643
"29031","MO",75674
"41059","OR",75889
"29051","MO",75990
"20103","KS",76227
"26159","MI",76258
"51165","VA",76314
"35061","NM",76569
"45057","SC",76652
"18005","IN",76794
"05145","AR",77076
"39043","OH",77079
"33005","NH",77117
"16083","ID",77230
"40119","OK",77350
"18085","IN",77358
"29043","MO",77422
"05069","AR",77435
"36105","NY",77547
"42111","PA",77742
"39141","OH",78064
"53021","WA",78163
"37109","NC",78265
"51069","VA",78305
"48397","TX",78337
"53029","WA",78506
"48213","TX",78532
"54081","WV",78859
"01051","AL",79303
"39145","OH",79499
"13127","GA",79626
"36011","NY",80026
"28075","MS",80261
"36009","NY",80317
"01043","AL",80406
"47119","TN",80956
"37195","NC",81234
"38015","ND",81308
"30013","MT",81327
"55071","WI",81442
"17183","IL",81625
"42033","PA",81642
"48361","TX",81837
"36019","NY",82128
"01121","AL",82291
"41033","OR",82713
"18067","IN",82752
"01083","AL",82782
"16005","ID",82839
"44005","RI",82888
"28081","MS",82910
"21151","KY",82916
"37027","NC",83029
"22097","LA",83384
"01115","AL",83593
"26111","MI",83629
"55055","WI",83686
"13297","GA",83768
"55109","WI",84345
"51800","VA",84585
"13247","GA",85215
"41003","OR",85579
"39119","OH",86074
"48231","TX",86129
"55089","WI",86395
"48005","TX",86771
"48469","TX",86793
"40131","OK",86905
"54107","WV",86956
"26055","MI",86986
"06045","CA",87841
"37125","NC",88247
"26087","MI",88319
"27141","MN",88499
"24009","MD",88737
"55027","WI",88759
"42039","PA",88765
"36015","NY",88830
"42063","PA",88880
"02170","AK",88995
"33009","NH",89118
"53025","WA",89120
"29021","MO",89201
"29165","MO",89322
"30031","MT",89513
"19169","IA",89542
"47155","TN",89889
"21037","KY",90336
"37023","NC",90912
"30029","MT",90928
"27019","MN",91042
"42073","PA",91108
"56021","WY",91738
"51161","VA",92376
"45075","SC",92501
"48037","TX",92565
"39157","OH",92582
"01077","AL",92709
"01095","AL",93019
"19155","IA",93158
"39055","OH",93389
"12119","FL",93420
"37157","NC",93643
"19061","IA",93653
"36117","NY",93772
"51121","VA",94392
"42097","PA",94528
"13095","GA",94565
"06101","CA",94737
"28089","MS",95203
"51740","VA",95535
"12035","FL",95696
"37127","NC",95840
"05051","AR",96024
"54061","WV",96189
"13115","GA",96317
"22057","LA",96318
"54011","WV",96319
"05031","AR",96443
"21059","KY",96656
"51770","VA",97032
"34009","NJ",97265
"02090","AK",97581
"37045","NC",98078
"47113","TN",98294
"24045","MD",98733
"55035","WI",98736
"06057","CA",98764
"12055","FL",98786
"47011","TN",98963
"51003","VA",98970
"36101","NY",98990
"41071","OR",99193
"29037","MO",99478
"36079","NY",99710
"51085","VA",99863
"26091","MI",99892
"13217","GA",99958
"13015","GA",100157
"46103","SD",100948
"24015","MD",101108
"42001","PA",101407
"29071","MO",101492
"39007","OH",101497
"01069","AL",101547
"36109","NY",101564
"55039","WI",101633
"19193","IA",102172
"55127","WI",102228
"53015","WA",102410
"39109","OH",102506
"13313","GA",102599
"48257","TX",103350
"37049","NC",103505
"54003","WV",104169
"16019","ID",104234
"01055","AL",104430
"24037","MD",105151
"17037","IL",105160
"21093","KY",105543
"39003","OH",106331
"13113","GA",106567
"37089","NC",106740
"05125","AR",107118
"22005","LA",107215
"37019","NC",107431
"04017","AZ",107449
"45085","SC",107456
"41019","OR",107667
"23001","ME",107702
"26045","MI",107759
"26017","MI",107771
"39029","OH",107841
"18167","IN",107848
"36069","NY",107931
"48091","TX",108472
"34041","NJ",108692
"13185","GA",109233
"30063","MT",109299
"48451","TX",110224
"18019","IN",110232
"13045","GA",110527
"17115","IL",110768
"20045","KS",110826
"26005","MI",111408
"18091","IN",111467
"22109","LA",111860
"36089","NY",111944
"49005","UT",112656
"05045","AR",113237
"17091","IL",113449
"21227","KY",113792
"17099","IL",113924
"47189","TN",113993
"39169","OH",114520
"55063","WI",114638
"37085","NC",114678
"17093","IL",114736
"55117","WI",115507
"40017","OK",115541
"42081","PA",116111
"36045","NY",116229
"42085","PA",116638
"41043","OR",116672
"13059","GA",116714
"53057","WA",116901
"48367","TX",116927
"22015","LA",116979
"29097","MO",117404
"18035","IN",117671
"09015","CT",118428
"01015","AL",118572
"21015","KY",118811
"45077","SC",119224
"01103","AL",119490
"48381","TX",120725
"48181","TX",120877
"48375","TX",121073
"22105","LA",121097
"48183","TX",121730
"36075","NY",122109
"23011","ME",122151
"51177","VA",122397
"37191","NC",122623
"47179","TN",122979
"47009","TN",123010
"33017","NH",123143
"13073","GA",124053
"40031","OK",124098
"39139","OH",124475
"27171","MN",124700
"39173","OH",125488
"05131","AR",125744
"44009","RI",126979
"42013","PA",127089
"13077","GA",127317
"22063","LA",128026
"34019","NJ",128349
"51179","VA",128961
"27139","MN",129928
"35045","NM",130044
"19103","IA",130882
"19013","IA",131090
"25003","MA",131219
"04003","AZ",131346
"48485","TX",131500
"48441","TX",131506
"48187","TX",131533
"35043","NM",131561
"22079","LA",131613
"18095","IN",131636
"55131","WI",131887
"13097","GA",132403
"42075","PA",133568
"37135","NC",133801
"55073","WI",134063
"37155","NC",134168
"04005","AZ",134421
"06023","CA",134623
"36013","NY",134905
"17179","IL",135394
"26025","MI",136146
"06055","CA",136484
"45035","SC",136555
"42051","PA",136606
"48329","TX",136872
"45041","SC",136885
"48135","TX",137130
"51650","VA",137436
"18105","IN",137974
"12061","FL",138028
"49053","UT",138115
"39023","OH",138333
"37159","NC",138428
"16055","ID",138494
"18081","IN",139654
"28059","MS",139668
"13153","GA",139900
"51510","VA",139966
"01081","AL",140247
"12017","FL",141236
"28121","MS",141617
"37151","NC",141752
"13223","GA",142324
"42021","PA",143679
"35049","NM",144170
"27109","MN",144248
"18063","IN",145448
"39045","OH",146156
"12085","FL",146318
"33013","NH",146445
"24017","MD",146551
"08077","CO",146723
"24043","MD",147430
"17161","IL",147546
"30111","MT",147972
"42107","PA",148289
"34037","NJ",149265
"48139","TX",149610
"42055","PA",149618
"38017","ND",149778
"27145","MN",150642
"06039","CA",150865
"48251","TX",150934
"37001","NC",151131
"12113","FL",151372
"26115","MI",152021
"09013","CT",152691
"06031","CA",152982
"22073","LA",153720
"23019","ME",153923
"42027","PA",153990
"37035","NC",154358
"36093","NY",154727
"15009","HI",154834
"13021","GA",155547
"50007","VT",156545
"26021","MI",156813
"47163","TN",156823
"34011","NJ",156898
"48209","TX",157107
"20209","KS",157505
"41017","OR",157733
"25015","MA",158080
"31153","NE",158840
"08101","CO",159063
"36083","NY",159429
"37097","NC",159437
"21117","KY",159720
"12015","FL",159978
"45003","SC",160099
"26075","MI",160248
"55105","WI",160331
"47165","TN",160645
"28033","MS",161252
"39133","OH",161419
"39057","OH",161573
"45013","SC",162233
"10001","DE",162310
"29019","MO",162642
"37057","NC",162878
"26147","MI",163040
"18127","IN",164343
"19163","IA",165224
"09007","CT",165676
"44003","RI",166158
"55059","WI",166426
"39089","OH",166492
"55139","WI",166994
"24013","MD",167134
"37147","NC",168148
"12005","FL",168852
"37101","NC",168878
"46099","SD",169468
"17113","IL",169572
"42089","PA",169842
"42007","PA",170539
"26121","MI",172188
"47125","TN",172331
"39103","OH",172332
"12053","FL",172778
"18157","IN",172780
"39041","OH",174214
"06025","CA",174528
"53005","WA",175177
"13117","GA",175511
"55087","WI",176695
"06089","CA",177223
"37133","NC",177772
"45015","SC",177843
"20177","KS",177934
"37025","NC",178011
"13139","GA",179684
"18163","IN",179703
"51700","VA",180719
"12091","FL",180822
"26093","MI",180967
"06017","CA",181058
"01003","AL",182265
"36111","NY",182493
"47187","TN",183182
"42019","PA",183862
"15001","HI",185079
"17143","IL",186494
"28047","MS",187105
"45007","SC",187126
"16027","ID",188923
"13215","GA",189885
"09005","CT",189927
"12109","FL",190039
"12019","FL",190865
"22019","LA",192768
"54039","WV",193063
"01125","AL",194656
"48041","TX",194851
"01117","AL",195085
"55101","WI",195408
"04027","AZ",195751
"23031","ME",197131
"10005","DE",197145
"39025","OH",197363
"17167","IL",197465
"18039","IN",197559
"26145","MI",200169
"04015","AZ",200186
"27137","MN",200226
"13245","GA",200549
"36007","NY",200600
"06113","CA",200849
"17019","IL",201081
"53073","WA",201140
"37179","NC",201292
"37129","NC",202667
"05143","AR",203065
"41029","OR",203206
"13151","GA",203922
"51760","VA",204214
"37071","NC",206086
"51013","VA",207627
"42125","PA",207820
"35013","NM",209233
"48423","TX",209714
"39155","OH",210312
"04025","AZ",211033
"19113","IA",211226
"39165","OH",212693
"13057","GA",214346
"42069","PA",214437
"25001","MA",215888
"36063","NY",216469
"29099","MO",218733
"36091","NY",219607
"06007","CA",220000
"05007","AR",221339
"22055","LA",221578
"29047","MO",221939
"51550","VA",222209
"45091","SC",226073
"01101","AL",229363
"39085","OH",230041
"49057","UT",231236
"24021","MD",233385
"22103","LA",233740
"36065","NY",234878
"48309","TX",234906
"42041","PA",235406
"27163","MN",238136
"37021","NC",238318
"39099","OH",238823
"51710","VA",242803
"53077","WA",243231
"24025","MD",244826
"28049","MS",245285
"12001","FL",247336
"55009","WI",248007
"48479","TX",250304
"26077","MI",250331
"53035","WA",251133
"53067","WA",252264
"48245","TX",252273
"06041","CA",252409
"08123","CO",252825
"22017","LA",254969
"40027","OK",255755
"06047","CA",255793
"13063","GA",259424
"06087","CA",262382
"45063","SC",262391
"47149","TN",262604
"26139","MI",263801
"13051","GA",265128
"18141","IN",266931
"37063","NC",267587
"42043","PA",268100
"12097","FL",268685
"17119","IL",269282
"45051","SC",269291
"06079","CA",269637
"17163","IL",270056
"09011","CT",274055
"34001","NJ",274549
"18057","IN",274569
"29077","MO",275174
"12073","FL",275487
"12111","FL",277789
"48303","TX",278831
"42049","PA",280566
"26065","MI",280895
"23005","ME",281674
"45083","SC",284307
"31109","NE",285407
"08035","CO",285465
"24027","MD",287085
"34015","NJ",288288
"48167","TX",291309
"02020","AK",291826
"08013","CO",294567
"33015","NH",295223
"17201","IL",295266
"21067","KY",295803
"12069","FL",297052
"36027","NY",297488
"12033","FL",297619
"42095","PA",297735
"08069","CO",299630
"39093","OH",301356
"36001","NY",304204
"49011","UT",306479
"51087","VA",306935
"17111","IL",308760
"48027","TX",310235
"36087","NY",311687
"51107","VA",312311
"48039","TX",313166
"41047","OR",315335
"51041","VA",316236
"29510","MO",319294
"37051","NC",319431
"42079","PA",320918
"12021","FL",321520
"12081","FL",322833
"34035","NJ",323444
"27003","MN",330844
"12083","FL",331298
"01089","AL",334811
"47065","TN",336463
"48355","TX",340223
"22071","LA",343829
"26161","MI",344791
"06061","CA",348432
"42077","PA",349497
"45019","SC",350209
"37067","NC",350670
"41039","OR",351715
"18003","IN",355329
"29183","MO",360485
"42129","PA",365169
"34021","NJ",366513
"39017","OH",368130
"36071","NY",372813
"39151","OH",375586
"04021","AZ",375770
"41005","OR",375992
"12115","FL",379448
"05119","AR",382748
"45079","SC",384504
"55133","WI",389891
"16001","ID",392365
"27037","MN",398552
"33011","NH",400721
"51153","VA",402002
"48061","TX",406220
"42011","PA",411442
"01097","AL",412992
"06095","CA",413344
"06053","CA",415057
"32031","NV",421407
"48491","TX",422679
"12117","FL",422718
"06083","CA",423895
"53011","WA",425363
"26049","MI",425790
"19153","IA",430640
"47093","TN",432226
"22051","LA",432552
"42133","PA",434972
"51810","VA",437994
"22033","LA",440171
"08001","CO",441603
"39095","OH",441815
"06107","CA",442179
"34005","NJ",448734
"45045","SC",451225
"48339","TX",455746
"25013","MA",463490
"12101","FL",464697
"36067","NY",467026
"36085","NY",468730
"53063","WA",471221
"06097","CA",483878
"55025","WI",488073
"37081","NC",488406
"34027","NJ",492276
"12127","FL",494593
"25023","MA",494919
"18089","IN",496005
"20173","KS",498365
"42029","PA",498886
"34031","NJ",501226
"27123","MN",508640
"34007","NJ",513657
"06099","CA",514453
"17089","IL",515269
"49049","UT",516564
"31055","NE",517110
"42071","PA",519445
"41067","OR",529710
"08059","CO",534543
"39113","OH",535153
"34039","NJ",536499
"24003","MD",537656
"10003","DE",538479
"39153","OH",541781
"12009","FL",543376
"20091","KS",544179
"25005","MA",548285
"42045","PA",558979
"08005","CO",572003
"34029","NJ",576567
"48157","TX",585375
"08031","CO",600158
"11001","DC",601723
"12105","FL",602095
"26081","MI",602622
"40143","OK",603403
"12071","FL",618754
"24510","MD",620961
"08041","CO",622263
"42017","PA",625249
"44007","RI",626667
"47037","TN",626681
"34025","NJ",630380
"34017","NJ",634266
"01073","AL",658466
"35001","NM",662564
"48121","TX",662614
"25021","MA",670850
"29095","MO",674158
"17197","IL",677560
"06077","CA",685306
"13067","GA",688078
"13089","GA",691893
"17097","IL",703462
"53061","WA",713335
"06081","CA",718451
"40109","OK",718633
"25025","MA",722023
"41051","OR",735334
"21111","KY",741096
"25009","MA",743159
"36055","NY",744344
"48215","TX",774769
"48085","TX",782341
"34013","NJ",783969
"53053","WA",795225
"25027","MA",798552
"42091","PA",799874
"48141","TX",800647
"39061","OH",802374
"24005","MD",805029
"06075","CA",805235
"13135","GA",805321
"34023","NJ",809858
"06111","CA",823318
"06029","CA",839631
"26099","MI",840978
"09009","CT",862477
"24033","MD",863420
"12031","FL",864263
"09003","CT",894014
"37183","NC",900993
"18097","IN",903393
"34003","NJ",905116
"12103","FL",916542
"09001","CT",916829
"17043","IL",916924
"36029","NY",919040
"37119","NC",919628
"13121","GA",920581
"47157","TN",927644
"06019","CA",930450
"55079","WI",947735
"36119","NY",949113
"15003","HI",953207
"24031","MD",971777
"04019","AZ",980263
"29189","MO",998954
"48453","TX",1024266
"49035","UT",1029655
"06013","CA",1049025
"51059","VA",1081726
"12095","FL",1145956
"27053","MN",1152425
"39049","OH",1163414
"26125","MI",1202362
"42003","PA",1223348
"12057","FL",1229226
"39035","OH",1280122
"12099","FL",1320134
"36059","NY",1339532
"36005","NY",1385108
"06067","CA",1418788
"36103","NY",1493350
"25017","MA",1503085
"06001","CA",1510271
"42101","PA",1526006
"36061","NY",1585873
"48029","TX",1714773
"12011","FL",1748066
"06085","CA",1781642
"48439","TX",1809034
"26163","MI",1820584
"53033","WA",1931249
"32003","NV",1951269
"06071","CA",2035210
"06065","CA",2189641
"36081","NY",2230722
"48113","TX",2368139
"12086","FL",2496435
"36047","NY",2504700
"06059","CA",3010232
"06073","CA",3095313
"72000","PR",3725789
"04013","AZ",3817117
"48201","TX",4092459
"17031","IL",5194675
"06037","CA",9818605
